subdivision_key,sales_2022,sales_2023,sales_2024,sales_2025,sales_total,raw_spellings
deer crest,6,101,103,80,290,DEER CREST | Deer Crest
lakeview 168,33,54,66,76,229,LAKEVIEW 168 | Lakeview 168
woodbrook,42,47,74,60,223,WOODBROOK | Woodbrook
lands,56,50,46,56,208,LANDS | Lands | lands
harrison 210,47,54,59,42,202,HARRISON 210 | Harrison 210
benson,57,47,42,49,195,BENSON | Benson
dundee place,56,37,53,46,192,DUNDEE PLACE | Dundee Place | Dundee place
bellevue,39,37,55,59,190,BELLEVUE | Bellevue
sumtur crossing,45,55,41,47,188,SUMTUR CROSSING | Sumtur Crossing
pioneer view,45,43,48,45,181,PIONEER VIEW | Pioneer View
remington west,26,56,54,37,173,REMINGTON WEST | Remington West
hillsborough,51,44,27,47,169,HILLSBOROUGH | Hillsborough
highland hills,81,27,35,24,167,HIGHLAND HILLS | Highland Hills
maple village,40,46,34,46,166,MAPLE VILLAGE | Maple Village
hills of aspen creek,50,46,42,28,166,HILLS OF ASPEN CREEK | Hills Of Aspen Creek | Hills of Aspen Creek
arbor gate,46,43,26,44,159,ARBOR GATE | Arbor Gate | Arbor gate
westwood heights,41,40,40,32,153,WESTWOOD HEIGHTS | Westwood Heights | westwood heights
westbury creek,51,29,32,39,151,WESTBURY CREEK | Westbury Creek
harvest hills,30,48,43,27,148,HARVEST HILLS | Harvest HIlls | Harvest Hills
lions gate,44,44,46,12,146,LIONS GATE | Lions Gate
willow wood,40,30,36,39,145,WILLOW WOOD | Willow Wood
granite falls north,26,39,30,49,144,GRANITE FALLS NORTH | GRANITE FALLS NORTh | Granite Falls North | Granite falls north
indian pointe,58,27,41,17,143,INDIAN POINTE | Indian Pointe
halcyon heights,45,35,29,34,143,HALCYON HEIGHTS | Halcyon Heights
southern pointe,50,49,31,11,141,SOUTHERN POINTE | Southern Pointe
newport vista,36,36,31,35,138,NEWPORT VISTA | NewPort Vista | Newport Vista
midtown crossing,49,31,25,28,133,MIDTOWN CROSSING | Midtown Crossing
somerset,45,34,19,34,132,SOMERSET | Somerset | somerset
vistancia,61,43,13,14,131,VISTANCIA | Vistancia
stone ridge,42,27,35,27,131,STONE RIDGE | Stone Ridge
blue sage creek,31,36,38,22,127,BLUE SAGE CREEK | Blue Sage Creek
westgate,40,29,27,29,125,WESTGATE | Westgate
minne lusa,41,36,25,22,124,MINNE LUSA | Minne Lusa
westbury farm,50,35,27,12,124,WESTBURY FARM | Westbury Farm | Westbury farm
clearwater falls,44,21,36,22,123,CLEARWATER FALLS | Clearwater Falls | Clearwater falls
glenmoor,39,28,33,21,121,GLENMOOR | Glenmoor
rambleridge,41,30,26,23,120,RAMBLERIDGE | RambleRidge | Rambleridge
lakewood villages,41,26,29,24,120,LAKEWOOD VILLAGES | Lakewood Villages | lakewood villages
springhill,29,32,21,37,119,SPRINGHILL | SpringHill | Springhill | springhill
schram 108,0,0,37,81,118,SCHRAM 108 | Schram 108
granite lake,50,26,20,21,117,GRANITE LAKE | Granite Lake
shadow lake,32,22,31,30,115,SHADOW LAKE | Shadow Lake | Shadow lake
wood valley,38,24,14,38,114,WOOD VALLEY | Wood Valley
hickory ridge,28,26,29,31,114,HICKORY RIDGE | Hickory Ridge
pepperwood,26,22,27,37,112,PEPPERWOOD | Pepperwood
millard highlands,38,22,31,20,111,MILLARD HIGHLANDS | Millard Highlands
harrison park,37,24,27,23,111,HARRISON PARK | Harrison Park | harrison park
coyote run,49,13,18,30,110,COYOTE RUN | Coyote Run
lakeview,43,34,19,14,110,LAKEVIEW | Lakeview | lakeview
quail run,36,22,19,32,109,QUAIL RUN | Quail Run
belle lago,36,22,20,31,109,BELLE LAGO | Belle Lago
westin hills,33,25,26,25,109,WESTIN HILLS | Westin Hills
ashbury creek,24,31,37,16,108,ASHBURY CREEK | Ashbury Creek
whitetail creek,29,28,32,19,108,WHITETAIL CREEK | WhiteTail Creek | Whitetail Creek
hyda hills 2,23,31,27,27,108,HYDA HILLS 2 | Hyda Hills 2
la vista,27,27,27,27,108,LA VISTA | La Vista | La vista
meadow ridge,34,25,23,26,108,MEADOW RIDGE | Meadow Ridge | Meadow ridge
river oaks,55,22,18,10,105,RIVER OAKS | River Oaks
south omaha city lots,32,17,26,30,105,SOUTH OMAHA CITY LOTS | South Omaha City Lots | south omaha city lots
the grove,36,23,25,21,105,THE GROVE | The Grove | the grove
summit ridge,29,27,25,24,105,SUMMIT RIDGE | Summit Ridge
harvey oaks,26,26,22,27,101,HARVEY OAKS | Harvey Oaks | Harvey oaks
aspen creek north,9,32,28,32,101,ASPEN CREEK NORTH | Aspen Creek North
remington ridge,32,33,20,15,100,REMINGTON RIDGE | Remington Ridge
whitehawk,30,23,25,18,96,WHITEHAWK | WhiteHawk | Whitehawk
cattail creek,32,21,19,24,96,CATTAIL CREEK | Cattail Creek
florence field,31,24,24,15,94,FLORENCE FIELD | Florence Field | florence field
falling waters,26,24,14,30,94,FALLING WATERS | Falling Waters
pine creek,37,17,19,20,93,PINE CREEK | Pine Creek
giles pointe,0,7,48,38,93,GILES POINTE | Giles Pointe
belterra,0,19,34,39,92,BELTERRA | Belterra
somerset 2,58,22,5,7,92,SOMERSET 2 | Somerset 2
stone creek,24,25,19,23,91,STONE CREEK | Stone Creek
shadow lake 2,28,29,19,15,91,SHADOW LAKE 2 | Shadow Lake 2
sunset meadows,0,0,35,55,90,SUNSET MEADOWS
brookhaven,21,22,25,20,88,BROOKHAVEN | Brookhaven
palisades west,39,19,25,5,88,PALISADES WEST | Palisades West
millard highlands south,27,22,19,20,88,MILLARD HIGHLANDS SOUTH | Millard Highlands South
chestnut hills,30,28,16,13,87,CHESTNUT HILLS | Chestnut Hills | Chestnut hills
deerwood,24,28,21,12,85,DEERWOOD | Deerwood
sunridge,25,23,18,19,85,SUNRIDGE | SunRidge | Sunridge
anchor pointe,35,24,17,9,85,ANCHOR POINTE | Anchor Pointe
leawood oaks,11,23,26,24,84,LEAWOOD OAKS | LEAWOOD Oaks | Leawood Oaks
waterford,23,25,20,16,84,WATERFORD | Waterford | waterford
two springs,23,17,20,23,83,TWO SPRINGS | Two Springs
arbor view,21,16,20,26,83,ARBOR VIEW | Arbor View
west dodge,24,22,20,17,83,WEST DODGE | West Dodge | West dodge | west dodge
millard park,22,22,16,23,83,MILLARD PARK | Millard Park
morningside,22,29,16,15,82,MORNINGSIDE | Morningside | morningside
ridgemoor,27,23,18,13,81,RIDGEMOOR | Ridgemoor
woodhaven,31,18,15,16,80,WOODHAVEN | Woodhaven | woodhaven
eagle ridge,16,22,22,20,80,EAGLE RIDGE | Eagle Ridge
stony brook,25,19,14,22,80,STONY BROOK | Stony Brook | Stony brook
kempten creek,0,5,36,38,79,KEMPTEN CREEK | Kempten Creek
westin hills west,18,9,27,24,78,WESTIN HILLS WEST | Westin Hills West
florence,22,29,14,12,77,FLORENCE | Florence
sagewood,33,12,14,18,77,SAGEWOOD | Sagewood
country club,25,18,16,17,76,COUNTRY CLUB | Country Club | Country club
ashbury hills,7,10,11,48,76,ASHBURY HILLS | Ashbury Hills
hickory hill,25,14,19,18,76,HICKORY HILL | Hickory Hill
shadowbrook,32,20,10,14,76,SHADOWBROOK | Shadowbrook
mission park,18,19,20,19,76,MISSION PARK | Mission Park | Mission park
parkview,0,2,22,52,76,Parkview
aspen creek,31,18,13,14,76,ASPEN CREEK | Aspen Creek
turnbridge,29,13,17,16,75,TURNBRIDGE | Turnbridge
cinnamon creek,24,20,9,21,74,CINNAMON CREEK | Cinnamon Creek | cinnamon creek
overland hills,26,8,21,19,74,OVERLAND HILLS | Overland Hills
trendwood,14,21,15,24,74,TRENDWOOD | Trendwood
millard park south,20,16,17,20,73,MILLARD PARK SOUTH | Millard Park South
lake shore,15,13,24,20,72,LAKE  SHORE | LAKE SHORE | Lake Shore
diamond head,15,13,17,27,72,DIAMOND HEAD | Diamond Head | Diamond head
carriage hill,25,18,14,15,72,CARRIAGE HILL | Carriage Hill
bonita,21,16,15,20,72,BONITA | Bonita
mockingbird hills,20,20,13,19,72,MOCKINGBIRD HILLS | Mockingbird Hills | Mockingbird hills
eldorado,16,14,18,23,71,ELDORADO | ElDorado | Eldorado
elk creek crossing,18,16,19,18,71,ELK CREEK CROSSING | Elk Creek Crossing
la vista replat,12,13,24,22,71,LA VISTA REPLAT | La Vista Replat
bluestem meadows,8,27,23,13,71,BLUESTEM MEADOWS | BlueStem Meadows | Bluestem Meadows
oakhurst,30,12,12,16,70,OAKHURST | OakHurst | Oakhurst
prairie pointe,18,16,21,15,70,PRAIRIE POINTE | Prairie Pointe
majestic pointe ii,0,0,26,43,69,MAJESTIC POINTE II | Majestic Pointe II
bridgeport,12,22,20,15,69,BRIDGEPORT | Bridgeport
the ridges,18,15,19,17,69,THE RIDGES | The Ridges
westridge,18,19,14,17,68,WESTRIDGE | Westridge
lake cunningham village,3,32,26,7,68,LAKE CUNNINGHAM VILLAGE | Lake Cunningham Village
greentree,21,17,13,16,67,GREENTREE | Greentree
golden hills,14,16,22,15,67,GOLDEN HILLS | Golden Hills | Golden hills
spring ridge,21,19,12,15,67,SPRING RIDGE | Spring Ridge
pacific heights,22,14,11,20,67,PACIFIC HEIGHTS | Pacific Heights
ponderosa,23,16,14,13,66,PONDEROSA | Ponderosa
pacific meadows,21,15,12,18,66,PACIFIC MEADOWS | Pacific Meadows
applewood heights,16,16,20,13,65,APPLEWOOD HEIGHTS | Applewood Heights | applewood heights
tara heights,11,23,15,16,65,TARA HEIGHTS | Tara Heights | tara heights
lincoln place,14,16,21,14,65,LINCOLN PLACE | Lincoln Place
twin ridge,18,9,19,19,65,TWIN RIDGE | Twin Ridge | twin ridge
chapel hill,22,12,15,16,65,CHAPEL HILL | CHAPEL Hill | Chapel Hill
piedmont,17,15,14,18,64,PIEDMONT | Piedmont
quail creek,23,13,13,15,64,QUAIL CREEK | Quail Creek
lake cunningham ridge,17,16,17,14,64,LAKE CUNNINGHAM RIDGE | Lake Cunningham Ridge | lake cunningham ridge
summer hill farm,18,23,9,14,64,SUMMER HILL FARM | Summer Hill Farm
palisades,22,16,13,13,64,PALISADES | Palisades
bellbrook,15,15,13,21,64,BELLBROOK | Bellbrook
founders ridge,14,14,19,17,64,FOUNDERS RIDGE | Founders Ridge
poppleton park,21,11,9,22,63,POPPLETON PARK | Poppleton Park
huntington park,20,17,11,15,63,HUNTINGTON PARK | Huntington Park
morton meadows,10,21,16,16,63,MORTON MEADOWS | Morton Meadows
cimarron woods,16,15,17,15,63,CIMARRON WOODS | Cimarron Woods
falcon forest,20,11,19,13,63,FALCON FOREST | Falcon Forest
park lane,11,13,24,14,62,PARK LANE | Park Lane | Park lane
saddlebrook,13,11,21,17,62,SADDLEBROOK | Saddlebrook
fontenelle park,10,17,20,14,61,FONTENELLE PARK | Fontenelle Park | Fontenelle park
enclave flats,0,2,22,37,61,Enclave Flats
eagle hills,19,15,14,13,61,EAGLE HILLS | Eagle Hills
springbrook,20,16,12,13,61,SPRINGBROOK | Springbrook
deer creek,17,11,25,8,61,DEER CREEK | Deer Creek
standing bear west,23,8,10,19,60,STANDING BEAR WEST | Standing Bear West
candlewood,16,15,12,17,60,CANDLEWOOD | Candlewood
underwood park,21,16,11,12,60,UNDERWOOD PARK | Underwood Park | underwood park
the meadows,17,14,17,11,59,THE MEADOWS | The Meadows
armbrust acres,14,16,13,16,59,ARMBRUST ACRES | Armbrust Acres
bluewater,13,15,18,13,59,BLUEWATER | Bluewater
tiburon,14,14,21,9,58,TIBURON | Tiburon
seven pines,16,11,14,17,58,SEVEN PINES | Seven Pines
oakbrook meadows,19,17,8,14,58,OAKBROOK MEADOWS | Oakbrook Meadows
garden oaks,20,9,17,12,58,GARDEN OAKS | Garden Oaks
majestic pointe,19,13,16,10,58,MAJESTIC POINTE | Majestic Pointe
cherry ridge,18,12,12,15,57,CHERRY RIDGE | Cherry Ridge | cherry ridge
windsor west,0,1,21,35,57,Windsor West
stratford park,24,12,11,10,57,STRATFORD PARK | Stratford Park
springfield pines,23,17,11,5,56,SPRINGFIELD PINES | Springfield Pines
brookfield,15,12,18,11,56,BROOKFIELD | Brookfield
autumn grove,10,9,19,18,56,AUTUMN GROVE | Autumn Grove
the prairies,13,15,14,14,56,THE PRAIRIES | The Prairies
oak heights,17,16,9,14,56,OAK HEIGHTS | Oak Heights | oak heights
blondo ridges,14,21,10,11,56,BLONDO RIDGES | Blondo Ridges
orchard hill,15,16,13,12,56,ORCHARD HILL | Orchard Hill
summerwood,17,14,13,12,56,SUMMERWOOD | Summerwood
sagewood valley,16,27,4,9,56,SAGEWOOD VALLEY | Sagewood Valley
winchester heights,17,13,10,15,55,WINCHESTER HEIGHTS | Winchester Heights
rose hill,14,13,16,12,55,ROSE HILL | Rose Hill | rose hill
happy hollow,19,9,14,13,55,HAPPY HOLLOW | Happy Hollow
harrison woods,10,11,18,16,55,HARRISON WOODS | Harrison Woods
rows at coventry,6,33,16,0,55,Rows at Coventry
sunny slope,21,16,9,9,55,SUNNY SLOPE | Sunny Slope
cherry hills,21,14,8,12,55,CHERRY HILLS | Cherry Hills
sun valley,16,15,13,11,55,SUN VALLEY | Sun Valley | Sun valley
raven oaks,22,15,11,7,55,RAVEN OAKS | Raven Oaks
mockingbird hills west,17,12,15,11,55,MOCKINGBIRD HILLS WEST | Mockingbird  Hills  West | Mockingbird Hills West
meridian park,16,19,10,9,54,MERIDIAN PARK | Meridian Park
arbor ridge,13,13,17,11,54,ARBOR RIDGE | Arbor Ridge
walnut grove,16,5,19,14,54,WALNUT GROVE | Walnut Grove
regency,15,12,10,17,54,REGENCY | Regency
castle creek,18,13,14,9,54,CASTLE CREEK | Castle Creek
windsor east,2,14,22,16,54,WINDSOR EAST | Windsor East
oakmont,19,9,15,11,54,OAKMONT | Oakmont
the oaks,14,14,14,11,53,THE OAKS | The  Oaks | The Oaks
summer glen,23,14,8,8,53,SUMMER GLEN | Summer Glen | summer glen
coventry ridge,11,13,14,15,53,COVENTRY RIDGE | Coventry Ridge
chandler hills,12,11,12,17,52,CHANDLER HILLS | Chandler Hills
north shore,15,10,15,12,52,NORTH SHORE | North Shore
fairfax,23,9,9,11,52,FAIRFAX | Fairfax
grandview ridge estates,22,9,14,7,52,GRANDVIEW RIDGE ESTATES | Grandview Ridge Estates | Grandview ridge estates
stockmans hollow,14,13,14,11,52,STOCKMANS HOLLOW | Stockmans Hollow
roanoke estate,12,11,13,16,52,ROANOKE ESTATE | Roanoke Estate
stonybrook south,14,12,11,15,52,STONYBROOK SOUTH | StonyBrook South | Stonybrook South | Stonybrook south
hyda hills,16,14,9,13,52,HYDA HILLS | Hyda Hills
pheasant run,16,14,11,10,51,PHEASANT RUN | Pheasant Run
liberty,13,11,9,18,51,LIBERTY | Liberty
eagle view,19,12,6,14,51,EAGLE VIEW | Eagle View
kingswood estates,14,13,10,14,51,KINGSWOOD ESTATES | Kingswood Estates
nelsons creek,17,11,12,11,51,NELSONS CREEK | Nelsons Creek
wycliffe,21,13,9,8,51,WYCLIFFE | Wycliffe
green meadows,20,6,12,12,50,GREEN MEADOWS | Green Meadows | green meadows
turtle creek,11,7,14,18,50,TURTLE CREEK | Turtle Creek
tomahawk hills,11,14,12,13,50,TOMAHAWK HILLS | Tomahawk Hills
mission ridge,15,14,12,9,50,MISSION RIDGE | Mission Ridge
deer ridge,7,12,15,16,50,DEER RIDGE | Deer Ridge
willow springs,17,10,12,11,50,WILLOW SPRINGS | Willow Springs
bridlewood,18,9,11,12,50,BRIDLEWOOD | Bridlewood
hidden hollow,21,11,9,9,50,HIDDEN HOLLOW | Hidden Hollow
ralston add,10,7,10,23,50,RALSTON ADD | Ralston ADD | Ralston Add
parkside,17,12,14,7,50,PARKSIDE | Parkside
hyda hills ii,5,6,23,15,49,HYDA HILLS II | Hyda Hills II
sugar creek,19,7,13,10,49,SUGAR CREEK | Sugar Creek
elkhorn highland ridge,14,11,11,13,49,ELKHORN HIGHLAND RIDGE | Elkhorn Highland Ridge
bensoncrest,15,8,13,13,49,BENSONCREST | Bensoncrest | bensoncrest
pacific woods,18,10,8,13,49,PACIFIC WOODS | Pacific Woods
camden grove,15,10,14,10,49,CAMDEN GROVE | Camden Grove
quail run valley,12,14,12,11,49,QUAIL RUN VALLEY | Quail Run Valley
leawood west,13,10,14,12,49,LEAWOOD WEST | Leawood West
lincoln way,17,14,9,8,48,LINCOLN WAY | Lincoln Way | Lincoln way
chalco pointe,18,9,7,14,48,CHALCO POINTE | Chalco Pointe | Chalco pointe
bennington lake,13,13,10,12,48,BENNINGTON LAKE | Bennington Lake
lake cunningham hills,12,13,10,13,48,LAKE CUNNINGHAM HILLS | Lake Cunningham Hills
fire ridge estates,15,7,15,10,47,FIRE RIDGE ESTATES | Fire Ridge Estates
park view heights,9,9,17,12,47,PARK VIEW HEIGHTS | Park View Heights
bent creek,12,10,18,7,47,BENT CREEK | Bent Creek | bent creek
grammercy park,12,10,14,11,47,GRAMMERCY PARK | Grammercy Park | Grammercy park
tiburon ridge north,0,20,20,6,46,TIBURON RIDGE NORTH | Tiburon Ridge North
kingsbury hills,18,8,10,10,46,KINGSBURY HILLS | Kingsbury Hills
sunrise,13,11,9,13,46,SUNRISE | Sunrise
pebblebrooke,14,15,9,8,46,PEBBLEBROOKE | PebbleBrooke | Pebblebrooke
ambler place,10,13,10,13,46,AMBLER PLACE | Ambler Place
prairie lane,11,8,10,16,45,PRAIRIE LANE | Prairie Lane
walnut creek hills,13,10,11,11,45,WALNUT CREEK HILLS | Walnut Creek Hills
briar hills,12,11,13,8,44,BRIAR HILLS | Briar Hills
the townhomes of village pointe,29,8,4,3,44,THE TOWNHOMES OF VILLAGE POINTE | The Townhomes of Village Pointe | The townhomes of Village Pointe
cloverdale,13,8,8,15,44,CLOVERDALE | Cloverdale
corrigan place,14,17,6,7,44,CORRIGAN PLACE | Corrigan Place
autumn heights,10,10,13,11,44,AUTUMN HEIGHTS | Autumn Heights | Autumn heights
walnut ridge,13,12,9,10,44,WALNUT RIDGE | Walnut Ridge
wood valley west 2,30,2,3,9,44,WOOD VALLEY WEST 2 | Wood Valley West 2
tranquility view,13,11,9,11,44,TRANQUILITY VIEW | Tranquility View
glenwood hills,13,3,12,16,44,GLENWOOD HILLS | Glenwood Hills
pacific springs,15,11,8,9,43,PACIFIC SPRINGS | Pacific Springs
park west,13,14,7,9,43,PARK WEST | Park West
kountze place,12,10,12,9,43,KOUNTZE PLACE | Kountze Place
southridge,10,11,11,11,43,SOUTHRIDGE | SouthRidge | Southridge
arbor oaks,9,11,8,15,43,ARBOR OAKS | Arbor Oaks
privada,6,9,13,15,43,PRIVADA | Privada
hummingbird hill,14,11,10,8,43,HUMMINGBIRD HILL | Hummingbird Hill
stone park,9,8,7,19,43,STONE PARK | Stone Park
mirabel,0,0,19,24,43,Mirabel
shriver place,11,11,11,10,43,SHRIVER PLACE | Shriver Place
maenner-westbrook,11,6,16,9,42,MAENNER-WESTBROOK | Maenner-Westbrook
westchester of millard,6,7,15,14,42,WESTCHESTER OF MILLARD | Westchester Of Millard | Westchester of Millard
stonegate,16,6,10,10,42,STONEGATE | StoneGate | Stonegate
center park,10,8,14,10,42,CENTER PARK | Center Park
the knolls,18,10,7,6,41,THE KNOLLS | The Knolls | The knolls
plum creek,11,15,7,8,41,PLUM CREEK | Plum Creek
willow park,13,11,7,10,41,WILLOW PARK | Willow Park
lakeview heights,11,16,12,2,41,LAKEVIEW HEIGHTS | Lakeview Heights
caldwell acres,11,12,9,9,41,CALDWELL ACRES | Caldwell Acres
ramblewood,12,10,7,12,41,RAMBLEWOOD | Ramblewood
fountain hills,15,6,8,12,41,FOUNTAIN HILLS | Fountain Hills
wearne park,13,11,5,12,41,WEARNE PARK | Wearne Park
westmont,9,14,8,10,41,WESTMONT | Westmont | westmont
five fountains,13,10,7,10,40,FIVE FOUNTAINS | Five Fountains
roxbury,7,6,16,11,40,ROXBURY | Roxbury
whispering ridge,9,14,8,9,40,WHISPERING RIDGE | Whispering Ridge | whispering Ridge
keystone,7,13,9,11,40,KEYSTONE | Keystone | keystone
ralston,8,14,9,9,40,RALSTON | Ralston
bowling green,10,12,8,10,40,BOWLING GREEN | Bowling Green
pier 15,8,14,8,9,39,PIER 15 | Pier 15
avalon north,11,10,10,8,39,AVALON NORTH | Avalon North
the villas of piney creek,3,7,18,11,39,THE VILLAS OF PINEY CREEK | The Villas Of Piney Creek | The Villas of PIney Creek | The Villas of Piney Creek | The Villas of Piney creek
ardmore,8,9,9,13,39,ARDMORE | Ardmore
college heights,15,6,7,11,39,COLLEGE HEIGHTS | College Heights
west bay woods,14,12,7,6,39,WEST BAY WOODS | West Bay Woods
brook park,13,9,10,6,38,BROOK PARK | Brook Park
copperfields,7,13,6,12,38,COPPERFIELDS | Copperfields
indian creek,8,7,16,7,38,INDIAN CREEK | Indian Creek
elk valley,11,9,13,5,38,ELK VALLEY | Elk Valley | Elk valley
west lawn hill,8,9,7,14,38,WEST LAWN HILL | West Lawn Hill
rockbrook,13,6,7,12,38,ROCKBROOK | Rockbrook
signal hill,11,7,12,7,37,SIGNAL HILL | Signal Hill | signal Hill
normandy hills,11,6,8,12,37,NORMANDY HILLS | Normandy Hills
stonecroft,16,2,8,11,37,STONECROFT | Stonecroft
tregaron,9,17,7,4,37,TREGARON | Tregaron
vistancia / calarosa,0,5,16,15,36,VISTANCIA / CALAROSA | Vistancia / Calarosa
linden estates,6,10,10,10,36,LINDEN ESTATES | Linden Estates
rose garden estates,12,8,10,6,36,ROSE GARDEN ESTATES | Rose Garden Estates
val verde,10,4,13,9,36,VAL VERDE | Val Verde
north oaks,10,11,8,7,36,NORTH OAKS | North Oaks
mapleview,10,15,4,7,36,MAPLEVIEW | MapleView | Mapleview
falcon ridge,11,11,10,4,36,FALCON RIDGE | Falcon Ridge
tiburon ridge,18,6,8,4,36,TIBURON RIDGE | Tiburon Ridge
rockbrook heights,11,10,6,9,36,ROCKBROOK HEIGHTS | Rockbrook Heights
homestead add,8,6,8,13,35,HOMESTEAD ADD | Homestead ADD | Homestead Add | Homestead add | homestead add
anchor view,0,14,10,11,35,ANCHOR VIEW | Anchor View
country club manor,12,8,8,7,35,COUNTRY CLUB MANOR | Country Club Manor | Country Club manor
morningside add,4,5,11,15,35,MORNINGSIDE ADD | Morningside ADD | Morningside Add
windgate ranch,12,4,10,9,35,WINDGATE RANCH | Windgate Ranch
pipers glen,14,8,6,7,35,PIPERS GLEN | Pipers Glen
lookingglass heights,12,6,7,10,35,LOOKINGGLASS HEIGHTS | Lookingglass Heights | Lookingglass heights | lookingglass heights
highland park,11,8,7,9,35,HIGHLAND PARK | Highland Park | highland park
saunders & himebaugh,18,4,7,6,35,SAUNDERS & HIMEBAUGH | Saunders & Himebaugh | saunders & himebaugh
windridge,7,9,8,11,35,WINDRIDGE | Windridge
villages on sprague,9,8,11,7,35,VILLAGES ON SPRAGUE | Villages On Sprague | Villages on Sprague
hawthorne,11,4,11,8,34,HAWTHORNE | Hawthorne
hanscom place,7,4,11,12,34,HANSCOM PLACE | Hanscom Place
barrington park,12,11,7,4,34,BARRINGTON PARK | Barrington Park
bennington park,11,8,5,10,34,BENNINGTON PARK | Bennington Park
edgewood,10,7,6,11,34,EDGEWOOD | Edgewood
bay meadows,12,8,8,6,34,BAY MEADOWS | Bay Meadows
fairacres,10,9,7,8,34,FAIRACRES | Fairacres
wynnewood,11,9,10,4,34,WYNNEWOOD | Wynnewood
creighton park,10,9,8,7,34,CREIGHTON PARK | Creighton Park
le beau,12,8,3,11,34,LE BEAU | Le Beau
central park,7,9,9,9,34,CENTRAL PARK | Central Park
orchard park,8,8,10,8,34,ORCHARD PARK | Orchard Park
saunders & himebaugh highland park,10,10,8,6,34,SAUNDERS & HIMEBAUGH HIGHLAND PARK | Saunders & Himebaugh Highland Park
hunters crossing,11,3,10,9,33,HUNTERS CROSSING | Hunters Crossing
robin hill,8,8,9,8,33,ROBIN HILL | Robin Hill
benson gardens,12,6,10,5,33,BENSON GARDENS | Benson Gardens
cedar hills,9,8,7,9,33,CEDAR HILLS | Cedar Hills
wood creek,7,8,10,8,33,WOOD CREEK | Wood Creek
northridge estates,4,13,7,9,33,NORTHRIDGE ESTATES | Northridge Estates
fairview south 2,15,5,5,8,33,FAIRVIEW SOUTH 2 | Fairview South 2
walnut hill,11,12,3,7,33,WALNUT HILL | Walnut Hill
west benson,11,9,3,10,33,WEST BENSON | West Benson
west shores,6,13,6,7,32,WEST SHORES | West Shores
west plains,5,5,10,12,32,WEST PLAINS | West Plains
shadow view,13,2,9,8,32,SHADOW VIEW | Shadow View
beckwith place,4,12,10,6,32,BECKWITH PLACE | Beckwith Place
prairie hollow,13,6,9,4,32,PRAIRIE HOLLOW | Prairie Hollow
weir crest,12,8,3,9,32,WEIR CREST | Weir Crest
bennington park west,15,5,6,6,32,BENNINGTON PARK WEST | Bennington Park West
falcon pointe,10,6,7,9,32,FALCON POINTE | Falcon Pointe
montclair of westwood,10,5,5,11,31,MONTCLAIR OF WESTWOOD | Montclair Of Westwood | Montclair of Westwood
west bay woods 2,11,4,7,9,31,WEST BAY WOODS 2 | West Bay Woods 2
ashbury farm,6,9,9,7,31,Ashbury Farm
deer creek reserve,8,11,8,4,31,DEER CREEK RESERVE | Deer Creek Reserve
standard place,8,9,5,9,31,STANDARD PLACE | Standard Place | Standard place
camenzind heights,12,9,6,4,31,CAMENZIND HEIGHTS | Camenzind Heights
prairie hills,11,9,5,6,31,PRAIRIE HILLS | Prairie Hills
cedar brook,8,4,10,9,31,CEDAR BROOK | Cedar Brook
banyan hills,12,5,8,6,31,BANYAN HILLS | Banyan Hills
manchester ridge,10,10,8,3,31,MANCHESTER RIDGE | Manchester Ridge
montclair west,7,8,5,11,31,MONTCLAIR WEST | Montclair West
clifton hill,5,10,4,12,31,CLIFTON HILL | Clifton Hill
copper ridge,8,9,8,6,31,COPPER RIDGE | Copper Ridge
avante,0,0,2,29,31,AVANTE | Avante
montclair,10,10,5,6,31,MONTCLAIR | Montclair
the hill,0,0,0,31,31,THE HILL
granville east,12,7,6,5,30,GRANVILLE EAST | Granville East
mission gardens,11,6,5,8,30,MISSION GARDENS | Mission Gardens
merrifield village,6,5,13,6,30,MERRIFIELD VILLAGE | Merrifield Village
meadowview,6,6,7,11,30,MEADOWVIEW | Meadowview
hanover falls,6,8,7,9,30,HANOVER FALLS | Hanover Falls
shadow glen,10,6,6,8,30,SHADOW GLEN | Shadow Glen
emerald oaks,11,9,4,6,30,EMERALD OAKS | Emerald Oaks
woodbrook west,5,12,12,1,30,WOODBROOK WEST | Woodbrook West
southbrook,10,10,5,5,30,SOUTHBROOK | Southbrook
sunrise addition,10,7,6,7,30,SUNRISE ADDITION | Sunrise Addition
overlook,9,8,7,6,30,OVERLOOK | Overlook
omaha heights,6,9,7,8,30,OMAHA HEIGHTS | Omaha Heights
leavenworth heights,6,7,9,8,30,LEAVENWORTH HEIGHTS | Leavenworth  Heights | Leavenworth Heights
kenwood add,7,7,8,8,30,KENWOOD ADD | Kenwood Add
armbrusts rockbrook,12,6,7,5,30,ARMBRUSTS ROCKBROOK | Armbrusts Rockbrook
brookhaven west,10,6,6,8,30,BROOKHAVEN WEST | BrookHaven West | Brookhaven West
winchester hilltop,11,6,8,5,30,WINCHESTER HILLTOP | Winchester Hilltop
wildewood,11,5,6,7,29,WILDEWOOD | Wildewood
clairmont,6,6,9,8,29,CLAIRMONT | Clairmont
willow creek,9,7,4,9,29,WILLOW CREEK | Willow Creek
westwood terrace,8,9,7,5,29,WESTWOOD TERRACE | Westwood Terrace | Westwood terrace
glenn park,7,8,6,8,29,GLENN PARK | Glenn Park
timber creek,7,7,8,7,29,TIMBER CREEK | Timber Creek
millard oaks,10,5,8,6,29,MILLARD OAKS | Millard Oaks
millard heights,11,6,6,6,29,MILLARD HEIGHTS | Millard Heights
vintage oaks,9,8,6,6,29,VINTAGE OAKS | Vintage Oaks
dillons fairacres,9,4,9,7,29,DILLONS FAIRACRES | Dillons Fairacres
south shore heights,6,9,8,6,29,SOUTH SHORE HEIGHTS | South Shore HEIGHTS | South Shore Heights
greenfields,7,7,6,9,29,GREENFIELDS | Greenfields
roanoke estates,11,10,3,5,29,ROANOKE ESTATES | Roanoke Estates
oakridge,11,8,8,2,29,OAKRIDGE | Oakridge
seville,9,7,6,7,29,SEVILLE | Seville
maenner meadows,6,3,11,8,28,MAENNER MEADOWS | Maenner Meadows
wood valley west,8,9,4,7,28,WOOD VALLEY WEST | Wood Valley West
south omaha,14,4,3,7,28,SOUTH OMAHA | South Omaha
the woodlands,12,7,2,7,28,THE WOODLANDS | The Woodlands | The woodlands
lamps benson,10,6,7,5,28,LAMPS BENSON | Lamps Benson
military add,6,7,8,7,28,MILITARY ADD | Military ADD | Military Add
southern hills,6,5,6,11,28,SOUTHERN HILLS | Southern   hills | Southern Hills
flatwater lake,0,4,8,16,28,FLATWATER LAKE | Flatwater Lake
kenwood,14,3,5,6,28,KENWOOD | Kenwood
southern pines,7,4,8,8,27,SOUTHERN PINES | Southern Pines
cottonwood,9,6,6,6,27,COTTONWOOD | Cottonwood
western hills,4,7,8,8,27,WESTERN HILLS | Western Hills
majestic 178,0,0,7,20,27,MAJESTIC 178
manchester park,6,6,7,8,27,MANCHESTER PARK | Manchester Park
glenbrook,7,6,10,4,27,GLENBROOK | GlenBrook | Glenbrook
millard highlands south ii,3,8,7,9,27,MILLARD HIGHLANDS SOUTH II | Millard Highlands South II
westmoreland,6,8,9,4,27,WESTMORELAND | Westmoreland
mockingbird heights,9,7,6,5,27,MOCKINGBIRD HEIGHTS | Mockingbird Heights
anchor pointe villas,13,7,3,4,27,ANCHOR POINTE VILLAS | Anchor Pointe Villas
andresen meadows,7,7,6,7,27,ANDRESEN MEADOWS | Andresen Meadows
echo hills,12,8,4,3,27,ECHO HILLS | Echo Hills
oakridge east,8,5,6,8,27,OAKRIDGE EAST | Oakridge East
high meadows,5,9,8,5,27,HIGH MEADOWS | High Meadows
bel air village,8,9,7,3,27,BEL AIR VILLAGE | Bel Air Village
valley view,6,9,5,7,27,VALLEY VIEW | Valley View | valley view
sunset hills,6,8,3,10,27,SUNSET HILLS | Sunset Hills
lincoln ridge,0,1,11,15,27,LINCOLN RIDGE | Lincoln Ridge
val vista,9,4,7,7,27,VAL VISTA | Val Vista
standing stone,7,5,6,9,27,STANDING STONE | Standing Stone
windgate ranch two,8,5,6,7,26,WINDGATE RANCH TWO | Windgate Ranch Two | Windgate Ranch two
the colonies,3,9,7,7,26,THE COLONIES | The Colonies
farmington woods,7,8,7,4,26,FARMINGTON WOODS | Farmington Woods
riverside lakes,4,6,9,7,26,RIVERSIDE LAKES | Riverside Lakes
mission hills,9,5,6,6,26,MISSION HILLS | Mission Hills
canterberry crossing,8,9,6,3,26,CANTERBERRY CROSSING | Canterberry Crossing
bemis park,13,8,2,3,26,BEMIS PARK | Bemis Park
settlers creek,9,9,6,2,26,SETTLERS CREEK | Settlers Creek
leawood,8,7,5,6,26,LEAWOOD | Leawood
escalante hills,6,7,9,4,26,ESCALANTE HILLS | Escalante Hills
cedarwoods,7,5,6,8,26,CEDARWOODS | Cedarwoods
fairview,11,5,4,5,25,FAIRVIEW | Fairview
cedar grove,6,11,4,4,25,CEDAR GROVE | Cedar Grove
stillmeadow,9,7,2,7,25,STILLMEADOW | Stillmeadow
faulkland heights,8,8,5,4,25,FAULKLAND HEIGHTS | Faulkland Heights
meadow lane,8,9,6,2,25,MEADOW LANE | Meadow Lane
home terrace,5,8,9,3,25,HOME TERRACE | Home Terrace
prairie village,7,9,3,6,25,PRAIRIE VILLAGE | Prairie Village
lee valley,6,4,3,12,25,LEE VALLEY | Lee Valley
hummingbird heights,12,3,3,7,25,HUMMINGBIRD HEIGHTS | Hummingbird Heights
pacific hollow,7,4,9,5,25,PACIFIC HOLLOW | Pacific Hollow
hampton place,8,4,8,5,25,HAMPTON PLACE | Hampton Place
blue sage creek 2,3,10,4,8,25,BLUE SAGE CREEK 2 | Blue Sage Creek 2
west park,7,6,7,4,24,WEST PARK | West Park
wycliffe replat,5,4,6,9,24,WYCLIFFE REPLAT | Wycliffe Replat
hickory hill ii,4,5,7,8,24,HICKORY HILL II | Hickory Hill II
heartland hills,11,3,4,6,24,HEARTLAND HILLS | Heartland Hills
chandler acres,10,8,3,3,24,CHANDLER ACRES | Chandler Acres
shadow glen north,4,4,8,8,24,Shadow Glen North
highlands ridge,10,5,4,5,24,HIGHLANDS RIDGE | Highlands Ridge
royal wood estates,4,5,10,5,24,ROYAL WOOD ESTATES | Royal Wood Estates
quail hollow,5,6,8,5,24,QUAIL HOLLOW | Quail Hollow
twin ridge ii,4,7,5,8,24,TWIN RIDGE II | Twin Ridge II
anchor view replat 1,0,11,6,7,24,ANCHOR VIEW REPLAT 1 | Anchor View Replat 1 | Anchor View replat 1
birchfield,7,8,5,4,24,BIRCHFIELD | Birchfield
bel-air village,5,8,6,5,24,BEL-AIR VILLAGE | Bel-Air Village | Bel-air Village | bel-air village
the heritage,8,2,6,8,24,THE HERITAGE | The Heritage
hargleroads-military,13,5,2,4,24,HARGLEROADS-MILITARY | Hargleroads-Military
piney creek,7,4,5,8,24,PINEY CREEK | Piney Creek
avery hills,4,4,5,11,24,AVERY HILLS | Avery Hills
brookside,3,7,8,6,24,BROOKSIDE | Brookside
leawood southwest,7,9,3,5,24,LEAWOOD SOUTHWEST | Leawood Southwest
avery north,12,4,5,3,24,AVERY NORTH | Avery North
park hills iii,8,3,4,8,23,PARK HILLS III | Park Hills III
overlook add,7,2,8,6,23,OVERLOOK ADD | Overlook Add | overlook add
ashford hollow,6,6,6,5,23,ASHFORD HOLLOW | Ashford Hollow
bryn mawr,6,7,6,4,23,BRYN MAWR | Bryn Mawr
meadow lane park,6,2,7,8,23,MEADOW LANE PARK | Meadow Lane Park | meadow lane park
stonecrest,9,2,7,5,23,STONECREST | Stonecrest
kountze,8,8,5,2,23,KOUNTZE | Kountze
centennial,9,3,3,8,23,CENTENNIAL | Centennial
dolls rockbrook,8,3,8,4,23,DOLLS ROCKBROOK | Dolls Rockbrook | Dolls rockbrook
hawaiian village,3,5,8,7,23,HAWAIIAN VILLAGE | Hawaiian Village
west side,7,6,4,6,23,WEST SIDE | West Side
sunshine farms,9,7,3,4,23,SUNSHINE FARMS | Sunshine Farms
village at falcon ridge,7,7,5,4,23,VILLAGE AT FALCON RIDGE | Village At Falcon Ridge | Village at Falcon Ridge
ridgewood,6,5,7,5,23,RIDGEWOOD | Ridgewood
pinewood,8,9,3,3,23,PINEWOOD | Pinewood
parkvale,9,3,7,4,23,PARKVALE | Parkvale | parkvale
western oaks,9,6,4,4,23,WESTERN OAKS | Western Oaks | western oaks
farnam 1600,11,7,2,3,23,FARNAM 1600 | Farnam 1600
dickinsons landing,7,2,3,11,23,DICKINSONS LANDING | Dickinsons Landing
cherry ridge west,5,4,6,7,22,CHERRY RIDGE WEST | Cherry Ridge West
springfield,6,7,2,7,22,SPRINGFIELD | Springfield | springfield
west bay springs,5,4,8,5,22,WEST BAY SPRINGS | West Bay Springs
center view,6,9,5,2,22,CENTER VIEW | Center View
covington,7,5,5,5,22,COVINGTON | Covington
cottonwood creek,9,6,4,3,22,COTTONWOOD CREEK | Cottonwood Creek
maenner-hillside,6,8,5,3,22,MAENNER-HILLSIDE | Maenner-Hillside
savanna shores,10,7,4,1,22,SAVANNA SHORES | Savanna Shores
meadow crest,11,6,4,1,22,MEADOW CREST | Meadow Crest
belmont,3,4,8,7,22,BELMONT | Belmont
fontenelle,5,11,3,3,22,FONTENELLE | Fontenelle
birchcrest,4,8,6,4,22,BIRCHCREST | Birchcrest
stone creek village,4,4,7,7,22,STONE CREEK VILLAGE | Stone Creek Village
spruce abbey,14,3,3,2,22,SPRUCE ABBEY | Spruce Abbey
westchester,5,6,7,4,22,WESTCHESTER | Westchester
dahlman rows,8,8,3,3,22,DAHLMAN ROWS | Dahlman Rows
lavista,10,5,3,4,22,LaVista | Lavista
riverfront place,4,6,6,6,22,RIVERFRONT PLACE | Riverfront Place
pilgrims landing,3,5,10,4,22,PILGRIMS LANDING | Pilgrims Landing | Pilgrims landing
autumn ridge,6,3,6,7,22,AUTUMN RIDGE | Autumn Ridge
southern oaks,5,7,6,4,22,SOUTHERN OAKS | Southern Oaks
southern view,4,6,4,8,22,SOUTHERN VIEW | Southern View
waverly park,8,5,4,5,22,WAVERLY PARK | Waverly Park
westgate add,5,4,3,10,22,WESTGATE ADD | Westgate ADD | Westgate Add
northwest hills,7,6,6,3,22,NORTHWEST HILLS | Northwest Hills
chestnut ridge,4,5,7,6,22,CHESTNUT RIDGE | Chestnut Ridge
shulls,7,9,4,2,22,SHULLS | Shulls
west omaha,3,8,6,4,21,WEST OMAHA | West Omaha
elk ridge,6,6,5,4,21,Elk Ridge
dillons benson,2,5,5,9,21,DILLONS BENSON | Dillons Benson
grayhawk,10,3,4,4,21,GRAYHAWK | GrayHawk | Grayhawk
monarch place,3,8,4,6,21,MONARCH PLACE | Monarch Place
park view terrace,7,3,4,7,21,PARK VIEW TERRACE | Park View Terrace
oak hills,9,2,4,6,21,OAK HILLS | Oak Hills
glenmorrie,5,5,8,3,21,GLENMORRIE | Glenmorrie
windsor place,8,4,5,4,21,WINDSOR PLACE | Windsor Place
winterburn,4,4,6,7,21,WINTERBURN | Winterburn
park hills,11,7,3,0,21,PARK HILLS | Park Hills | park hills
parkwood,5,5,6,5,21,PARKWOOD | Parkwood
oakbrook,6,5,2,8,21,OAKBROOK | Oakbrook
westbrook,10,4,3,4,21,WESTBROOK | Westbrook
standing bear village,7,6,4,4,21,STANDING BEAR VILLAGE | Standing Bear Village
collier place,5,8,2,6,21,COLLIER PLACE | Collier Place
happy hollow hills,5,7,7,2,21,HAPPY HOLLOW HILLS | Happy Hollow Hills
silverleaf estates,2,2,9,8,21,Silverleaf Estates
titan springs,6,4,2,9,21,TITAN SPRINGS | Titan Springs
stonehenge,6,3,5,7,21,STONEHENGE | Stonehenge
lincoln heights,10,3,6,2,21,LINCOLN HEIGHTS | Lincoln Heights
ponca hills,5,9,4,3,21,PONCA HILLS | Ponca Hills | ponca hills
eagle run,7,4,6,4,21,EAGLE RUN | Eagle Run
park plaza condos,5,9,1,5,20,PARK PLAZA CONDOS | Park Plaza Condos
eagle crest,9,6,2,3,20,EAGLE CREST | Eagle Crest
bay shores,9,2,7,2,20,Bay Shores
torrey pines,7,5,3,5,20,TORREY PINES | Torrey Pines
arcadia ridge,0,0,1,19,20,Arcadia Ridge
patterson park,7,5,5,3,20,PATTERSON PARK | Patterson Park
pruyn park,8,5,2,5,20,PRUYN PARK | Pruyn Park
creighton heights,5,9,2,4,20,CREIGHTON HEIGHTS | Creighton Heights
bridgefords rockbrook,7,6,5,2,20,BRIDGEFORDS ROCKBROOK | Bridgefords Rockbrook
vernon heights,8,4,4,4,20,VERNON HEIGHTS | Vernon Heights
west fairacres,3,6,5,6,20,WEST FAIRACRES | West Fairacres
fontenelle view,3,5,6,6,20,FONTENELLE VIEW | Fontenelle View
whispering timber estates,6,3,6,5,20,WHISPERING TIMBER ESTATES | Whispering Timber Estates
deer creek highlands,5,4,4,7,20,DEER CREEK HIGHLANDS | Deer Creek Highlands
gruenther ridge,0,0,2,18,20,GRUENTHER RIDGE | Gruenther Ridge
deer creek highlands northeast,2,0,8,10,20,DEER CREEK HIGHLANDS NORTHEAST | Deer Creek Highlands Northeast | Deer Creek highlands Northeast | deer creek highlands northeast
grayhawk two,2,9,7,2,20,GRAYHAWK TWO | GrayHawk Two | Grayhawk TWO | Grayhawk Two
englewood,5,6,6,3,20,ENGLEWOOD | Englewood
keystone park,5,8,4,3,20,KEYSTONE PARK | Keystone Park | keystone Park
shulls 2nd add,5,4,6,5,20,SHULLS 2ND ADD | SHULLS 2nd ADD | Shulls 2nd ADD | Shulls 2nd Add
skylark heights,6,4,6,4,20,SKYLARK HEIGHTS | Skylark Heights
underwood hills,10,5,2,3,20,UNDERWOOD HILLS | Underwood Hills
loveland,6,6,4,4,20,LOVELAND | Loveland | loveland
leawood oaks iii,5,8,2,5,20,LEAWOOD OAKS III | Leawood Oaks III
crestwood,6,6,7,1,20,CRESTWOOD | Crestwood | crestwood
blackhawk,4,5,6,4,19,BLACKHAWK | Blackhawk
saddle hills,6,4,4,5,19,SADDLE HILLS | Saddle Hills
signal hill park,9,6,2,2,19,SIGNAL HILL PARK | Signal Hill Park
the willows,4,5,6,4,19,THE WILLOWS | The Willows
evanston,4,5,4,6,19,EVANSTON | Evanston | evanston
giles ridge,6,4,4,5,19,Giles Ridge
spruce 180,7,2,5,5,19,SPRUCE 180 | Spruce 180
shadowbrook west,4,2,5,8,19,SHADOWBROOK WEST | Shadowbrook West
overland hills v,1,9,2,7,19,OVERLAND HILLS V | Overland Hills V
tara hills,5,7,4,3,19,TARA HILLS | Tara Hills
elmwood gardens,3,6,5,5,19,ELMWOOD GARDENS | Elmwood Gardens
grandview,5,3,6,5,19,GRANDVIEW | Grandview
south side acres,4,7,4,4,19,SOUTH SIDE ACRES | South Side Acres
west keystone park,5,5,4,5,19,WEST KEYSTONE PARK | West Keystone Park
park place,4,6,5,4,19,PARK PLACE | Park Place
knolls,7,6,3,3,19,KNOLLS | Knolls
the hamptons,4,4,5,6,19,THE HAMPTONS | The Hamptons
western springs,4,9,4,2,19,WESTERN SPRINGS | Western Springs
mission heights,6,5,2,6,19,MISSION HEIGHTS | Mission Heights
ellistone park place,8,3,6,2,19,ELLISTONE PARK PLACE | Ellistone Park Place
summerfield,5,4,5,5,19,SUMMERFIELD | Summerfield
lake james park,6,2,4,7,19,LAKE JAMES PARK | Lake James Park
twin towers condominium,5,4,4,6,19,TWIN TOWERS CONDOMINIUM | Twin Towers Condominium
walnut creek hills south,4,3,6,6,19,WALNUT CREEK HILLS SOUTH | Walnut Creek Hills South
pineridge,8,5,2,4,19,PINERIDGE | Pineridge
ranch view estates,3,6,6,4,19,RANCH VIEW ESTATES | Ranch View Estates
mission pines,5,8,5,1,19,MISSION PINES | Mission Pines
giles corner,3,8,3,4,18,GILES CORNER | Giles Corner
hillsborough estates,4,5,3,6,18,HILLSBOROUGH ESTATES | Hillsborough Estates
south woods,6,3,6,3,18,SOUTH WOODS | South Woods
blue ridge,6,3,5,4,18,BLUE RIDGE | Blue Ridge
greenbrier,4,4,3,7,18,GREENBRIER | Greenbrier
west side add,4,2,3,9,18,WEST SIDE ADD | West Side ADD | West Side Add
west loveland,9,1,4,4,18,WEST LOVELAND | West Loveland
sunshine meadows,6,3,5,4,18,SUNSHINE MEADOWS | Sunshine Meadows
charlsew heights,2,4,9,3,18,CHARLSEW HEIGHTS | Charlsew Heights
woodbine,3,3,7,5,18,WOODBINE | Woodbine
andresen meadows estates,8,6,4,0,18,ANDRESEN MEADOWS ESTATES | Andresen Meadows Estates
bella west,9,5,2,2,18,BELLA WEST | Bella West
bellewood,5,5,3,5,18,BELLEWOOD | Bellewood
mayfair,6,5,1,6,18,MAYFAIR | Mayfair
portal ridge,2,4,5,7,18,PORTAL RIDGE | Portal Ridge
cottage home view,5,4,4,5,18,COTTAGE HOME VIEW | Cottage Home View
melrose hill,5,7,2,4,18,MELROSE HILL | Melrose Hill | Melrose hill
country squire estates,7,1,7,3,18,COUNTRY SQUIRE ESTATES | Country Squire Estates
randolph place,7,2,4,5,18,RANDOLPH PLACE | Randolph Place
credit foncier,7,4,3,4,18,CREDIT FONCIER | Credit Foncier
cambridge oaks,4,3,8,3,18,CAMBRIDGE OAKS | Cambridge Oaks
baker place,6,4,4,4,18,BAKER PLACE | Baker Place
crystal creek,6,3,6,3,18,CRYSTAL CREEK | Crystal Creek
residences at west dodge station,4,6,2,6,18,RESIDENCES AT WEST DODGE STATION | Residences At West Dodge Station | Residences at West Dodge Station
crescent oaks,6,4,3,5,18,CRESCENT OAKS | Crescent Oaks | crescent oaks
meadowbrook,2,9,3,4,18,MEADOWBROOK | Meadowbrook
karen add,4,4,4,6,18,KAREN ADD | Karen Add
fontenelle hills ii,6,3,6,3,18,FONTENELLE HILLS II | Fontenelle Hills II
hickory estates,7,4,4,3,18,HICKORY ESTATES | Hickory Estates
holling heights,2,6,5,5,18,HOLLING HEIGHTS | Holling Heights
twin towers,3,3,7,5,18,TWIN TOWERS | Twin Towers
brookfield at the ridges,4,3,3,7,17,BROOKFIELD AT THE RIDGES | Brookfield At The Ridges | Brookfield at The Ridges | Brookfield at the Ridges
homestead,3,6,4,4,17,HOMESTEAD | Homestead
hargleroads-military add,4,3,4,6,17,HARGLEROADS-MILITARY ADD | Hargleroads-Military Add
lakoma heights,4,5,4,4,17,LAKOMA HEIGHTS | Lakoma Heights
twinridge,7,2,5,3,17,TWINRIDGE | Twinridge
fairview heights,4,1,5,7,17,FAIRVIEW HEIGHTS | Fairview Heights
ardmore east,2,8,4,3,17,ARDMORE EAST | Ardmore East
discovery,5,5,4,3,17,DISCOVERY | Discovery
hillsdale,3,6,3,5,17,HILLSDALE | Hillsdale
highland gardens,2,8,4,3,17,HIGHLAND GARDENS | Highland Gardens
elkhorn view estates,6,3,5,3,17,ELKHORN VIEW ESTATES | Elkhorn View Estates
bel air,2,9,4,2,17,Bel Air
harvey oaks iii,5,0,5,7,17,HARVEY OAKS III | Harvey Oaks III
skyline ranches,2,4,7,4,17,SKYLINE RANCHES | Skyline Ranches
bridgeford,9,2,4,2,17,BRIDGEFORD | Bridgeford | bridgeford
lowes add,3,3,3,8,17,LOWES ADD | Lowes ADD | Lowes Add | Lowes add
lockwood,6,3,3,5,17,LOCKWOOD | Lockwood | lockwood
brown park,4,4,3,6,17,BROWN PARK | Brown Park
hargleroad,8,5,1,3,17,HARGLEROAD | Hargleroad
pacific pointe,5,4,2,5,16,Pacific Pointe
southwind,5,2,2,7,16,Southwind
west pacific hills,7,2,4,3,16,WEST PACIFIC HILLS | West Pacific Hills
palisades pointe,0,0,0,16,16,PALISADES POINTE
rockbrook place,5,3,6,2,16,ROCKBROOK PLACE | Rockbrook Place
georgetowne,5,3,8,0,16,GEORGETOWNE | Georgetowne
fontenelle hills,2,8,3,3,16,FONTENELLE HILLS | Fontenelle Hills
villas of piney creek,3,5,4,4,16,VILLAS OF PINEY CREEK | Villas Of Piney Creek | Villas of PIney Creek | Villas of Piney Creek
vistancia/calarosa,0,3,3,10,16,Vistancia/Calarosa
broadmoor heights,3,6,5,2,16,BROADMOOR HEIGHTS | Broadmoor Heights
roanoke,5,4,3,4,16,ROANOKE | Roanoke
armbrusts westridge,3,4,5,4,16,ARMBRUSTS WESTRIDGE | Armbrusts Westridge
calarosa / vistancia,0,7,6,3,16,CALAROSA / VISTANCIA | Calarosa / Vistancia
crown point,3,4,5,4,16,CROWN POINT | Crown Point
crosskey village,5,4,2,5,16,CROSSKEY VILLAGE | Crosskey Village
lowes,2,5,8,1,16,LOWES | Lowes
lake cunningham,2,2,5,7,16,LAKE CUNNINGHAM | Lake Cunningham
south hamptons,2,5,5,4,16,SOUTH HAMPTONS | South Hamptons
westbrook hills,0,0,0,16,16,Westbrook Hills
the town,5,4,2,5,16,THE TOWN | The Town
citta's 1st addition,1,2,12,1,16,CITTA'S 1ST ADDITION | Citta's 1st Addition
wilcox,1,7,4,4,16,WILCOX | Wilcox
woodbridge,6,5,3,2,16,WOODBRIDGE | Woodbridge
creightons 1st add,4,2,4,5,15,CREIGHTONS 1ST ADD | CREIGHTONS 1ST add | Creightons 1ST ADD | Creightons 1st Add
west dodge station,2,6,3,4,15,WEST DODGE STATION | West Dodge Station
hillview,4,3,4,4,15,HILLVIEW | Hillview
hitchcocks 1st add,1,3,2,9,15,HITCHCOCKS 1ST ADD | Hitchcocks 1st ADD | Hitchcocks 1st Add | Hitchcocks 1st add
sagewood pointe,5,3,3,4,15,SAGEWOOD POINTE | Sagewood Pointe
spruce ridge,9,3,3,0,15,SPRUCE RIDGE | Spruce Ridge
western add,3,3,5,4,15,WESTERN ADD | Western ADD | Western Add
eagle point,7,1,1,6,15,EAGLE POINT | Eagle Point
apple grove,6,3,2,4,15,APPLE GROVE | Apple Grove
omaha view,1,5,4,5,15,OMAHA VIEW | Omaha View | omaha view
deauville condo,0,9,2,4,15,DEAUVILLE CONDO | Deauville Condo
mission view,4,3,6,2,15,MISSION VIEW | Mission View
fairview south,1,6,7,1,15,FAIRVIEW SOUTH | Fairview South
blue stem meadows,5,4,6,0,15,BLUE STEM MEADOWS | Blue Stem Meadows
williamsburg,4,5,2,4,15,WILLIAMSBURG | Williamsburg
upland park,5,5,4,1,15,UPLAND PARK | Upland Park
valley shores,2,2,8,3,15,VALLEY SHORES | Valley Shores
fayette park,3,4,6,2,15,Fayette Park
tomlinson woods,3,5,2,5,15,TOMLINSON WOODS | Tomlinson Woods
oak park,2,4,5,4,15,OAK PARK | Oak Park
burnham place,4,3,5,3,15,BURNHAM PLACE | Burnham Place
ridgeview terrace,4,3,4,4,15,RIDGEVIEW TERRACE | Ridgeview Terrace | ridgeview terrace
leawood oaks ii,7,2,4,2,15,LEAWOOD OAKS II | Leawood Oaks II
walnut grove townhomes,2,4,6,3,15,WALNUT GROVE TOWNHOMES | Walnut Grove Townhomes
beebe & runyan,4,1,5,5,15,BEEBE & RUNYAN | Beebe & Runyan
parkview heights,4,3,5,3,15,PARKVIEW HEIGHTS | Parkview Heights
mystic park,2,5,4,3,14,MYSTIC PARK | Mystic Park
belle meade,3,1,4,6,14,BELLE MEADE | Belle Meade
belvedere heights,2,4,3,5,14,BELVEDERE HEIGHTS | Belvedere Heights
sunridge west,6,2,2,4,14,SUNRIDGE WEST | Sunridge West
north shore 2,0,0,3,11,14,North Shore 2
maenner-south,8,2,2,2,14,MAENNER-SOUTH | Maenner-South
maenner-south add,1,4,1,8,14,MAENNER-SOUTH ADD | Maenner-South ADD | Maenner-South Add
june terrace,6,6,1,1,14,JUNE TERRACE | June Terrace
green acres,4,4,5,1,14,GREEN ACRES | Green Acres
edgewood add,2,1,4,7,14,EDGEWOOD ADD | Edgewood ADD | Edgewood Add
indian creek landings 2,10,2,2,0,14,INDIAN CREEK LANDINGS 2 | Indian Creek Landings 2
rockbrook park,4,4,2,4,14,ROCKBROOK PARK | Rockbrook Park
west country club heights,7,2,0,5,14,WEST COUNTRY CLUB HEIGHTS | West Country Club Heights
laurel park,3,4,3,4,14,LAUREL PARK | Laurel Park
robinsons lawnview,5,2,2,5,14,ROBINSONS LAWNVIEW | Robinsons Lawnview
hilltop heights,1,2,8,3,14,HILLTOP HEIGHTS | Hilltop Heights
wear's benson,2,1,7,4,14,WEAR'S BENSON | Wear's Benson
pacific ridge,6,0,3,5,14,PACIFIC RIDGE | Pacific Ridge | pacific ridge
homesite add,2,2,3,7,14,HOMESITE ADD | Homesite Add
wear's west pacific,3,7,2,2,14,WEAR'S WEST PACIFIC | Wear's West Pacific
cedar hollow,2,4,4,4,14,CEDAR HOLLOW | Cedar Hollow
cherry ridge west two,5,3,1,5,14,CHERRY RIDGE WEST TWO | Cherry Ridge West Two
monmouth park,4,4,2,4,14,MONMOUTH PARK | Monmouth Park
carthage,7,5,0,2,14,CARTHAGE | Carthage
indian creek reserve,4,1,6,3,14,Indian Creek Reserve
dwight & lymans,5,4,3,2,14,DWIGHT & LYMANS | Dwight & Lymans
woodland creek,1,5,5,3,14,WOODLAND CREEK | Woodland Creek
fire ridge,2,4,4,4,14,FIRE RIDGE | Fire Ridge
belmont add,2,3,5,4,14,BELMONT ADD | Belmont ADD | Belmont Add
farber addition,2,5,4,3,14,FARBER ADDITION | Farber Addition
woodgate,3,3,2,5,13,WOODGATE | Woodgate
flanagan pointe,0,4,6,3,13,FLANAGAN POINTE | Flanagan Pointe
aksarben heights,4,2,4,3,13,AKSARBEN HEIGHTS | Aksarben Heights
ginger cove,6,3,2,2,13,Ginger Cove
englewood add,3,2,2,6,13,ENGLEWOOD ADD | Englewood Add
glen oaks,6,3,2,2,13,Glen Oaks
green valleys,3,3,5,2,13,GREEN VALLEYS | Green Valleys
overland hills iii,4,3,4,2,13,OVERLAND HILLS III | Overland Hills III
lawre addition,6,1,4,2,13,LAWRE ADDITION | Lawre Addition
jewell terrace,5,4,3,1,13,JEWELL TERRACE | Jewell Terrace
standing bear pointe,3,1,5,4,13,STANDING BEAR POINTE | Standing Bear Pointe
hanscom park,3,2,4,4,13,HANSCOM PARK | Hanscom Park
benson view acres,4,1,6,2,13,BENSON VIEW ACRES | Benson View Acres
deauville,4,1,5,3,13,DEAUVILLE | Deauville
vineland,6,3,0,4,13,VINELAND | Vineland
standing bear,4,1,1,7,13,Standing Bear
improvement assn add,2,3,4,4,13,IMPROVEMENT ASSN ADD | Improvement Assn Add
institute place,1,3,6,3,13,INSTITUTE PLACE | Institute Place | institute Place
kimball lofts,4,1,4,4,13,KIMBALL LOFTS | Kimball Lofts | Kimball lofts
castle ridge,4,3,2,4,13,CASTLE RIDGE | Castle Ridge
ironridge,4,3,2,4,13,IRONRIDGE | Ironridge
roxbury add,0,1,7,5,13,ROXBURY ADD | Roxbury ADD | Roxbury Add
canterberry south,2,2,3,6,13,CANTERBERRY SOUTH | Canterberry South
carthage add,5,3,3,2,13,CARTHAGE ADD | Carthage ADD | Carthage Add
mel-aire,2,1,7,3,13,MEL-AIRE | Mel-Aire
copper creek,5,1,6,1,13,COPPER CREEK | Copper Creek
maplewood,3,4,3,3,13,MAPLEWOOD | Maplewood
mallard landing,5,5,1,2,13,Mallard Landing
vassar place,4,3,4,2,13,VASSAR PLACE | Vassar Place
bennington heights,2,1,7,3,13,BENNINGTON HEIGHTS | Bennington Heights
covington 2,3,3,4,3,13,COVINGTON 2 | Covington 2
belvedere,8,2,1,2,13,BELVEDERE | Belvedere
north park,7,2,1,3,13,North Park
christie heights,5,1,3,4,13,CHRISTIE HEIGHTS | Christie Heights
maenner-hillside add,3,3,4,3,13,MAENNER-HILLSIDE ADD | Maenner-Hillside Add | Maenner-hillside Add
bowery hill,2,5,3,3,13,BOWERY HILL | Bowery Hill
elkhorn village,6,2,2,3,13,ELKHORN VILLAGE | ELKHORN Village | Elkhorn Village
wyman heights,3,2,4,3,12,WYMAN HEIGHTS | Wyman Heights
overland hills ii,7,0,4,1,12,OVERLAND HILLS II | Overland Hills II
briarwood,4,0,4,4,12,BRIARWOOD | Briarwood
granite lake 2,10,1,0,1,12,GRANITE LAKE 2 | Granite Lake 2
boulevard park,4,5,2,1,12,BOULEVARD PARK | Boulevard Park
brookline,3,2,4,3,12,BROOKLINE | Brookline
oak hills of papillion,2,1,7,2,12,OAK HILLS OF PAPILLION | Oak Hills of Papillion
southwest village,3,1,6,2,12,SOUTHWEST VILLAGE | Southwest Village
thornburg place,5,3,2,2,12,THORNBURG PLACE | Thornburg Place
eagle run west,4,2,4,2,12,Eagle Run West
dillons,4,3,3,2,12,DILLONS | Dillons
druid hill,3,3,5,1,12,DRUID HILL | Druid Hill
devonshire estates,0,8,2,2,12,DEVONSHIRE ESTATES | Devonshire Estates
calarosa,0,1,2,9,12,CALAROSA | Calarosa
regis residential condominium,4,1,4,3,12,REGIS RESIDENTIAL CONDOMINIUM | Regis Residential Condominium
bensondale,2,1,4,5,12,BENSONDALE | Bensondale
vistancia / calarosa east,0,11,1,0,12,VISTANCIA / CALAROSA EAST | Vistancia / Calarosa East
w johnston commons,5,3,3,1,12,W JOHNSTON COMMONS | W Johnston Commons
lake view,2,4,2,4,12,LAKE VIEW | Lake View | Lake view
ridgefield,3,2,3,4,12,Ridgefield
villas at the grove,3,4,2,3,12,VILLAS AT THE GROVE | Villas at The Grove | Villas at the Grove
benson acres,3,4,0,5,12,BENSON ACRES | Benson Acres
lenox add,3,3,4,2,12,LENOX ADD | Lenox ADD | Lenox Add | Lenox add
linden park,1,4,2,5,12,LINDEN PARK | Linden Park
linden place,2,2,5,3,12,LINDEN PLACE | Linden Place
cinnamon acres,3,0,5,4,12,CINNAMON ACRES | Cinnamon Acres
majestic 178 replat 1,0,0,2,10,12,MAJESTIC 178 REPLAT 1
prospect place,1,2,4,5,12,PROSPECT PLACE | Prospect Place
coventry,5,3,1,3,12,COVENTRY | Coventry
montclair of westwood north,2,1,5,4,12,MONTCLAIR OF WESTWOOD NORTH | Montclair of Westwood North
bay wood,2,2,3,5,12,BAY WOOD | Bay Wood
tuscan ridge,2,7,2,1,12,Tuscan Ridge
trailridge ranches,2,2,5,3,12,TRAILRIDGE RANCHES | Trailridge Ranches
towns at little italy,4,2,4,2,12,Towns at Little Italy
murray hill,4,1,2,5,12,MURRAY HILL | Murray Hill
marshs add,1,2,6,3,12,MARSHS ADD | Marshs ADD | Marshs Add
military,6,4,1,1,12,MILITARY | Military
millpark estates,4,6,0,2,12,MILLPARK ESTATES | MillPark Estates | Millpark Estates
candlewood ii,5,2,4,1,12,CANDLEWOOD II | Candlewood II
nelson's creek,3,5,1,3,12,NELSON'S CREEK | Nelson's Creek
southpointe estates,4,2,1,5,12,SOUTHPOINTE ESTATES | Southpointe Estates
fair meadows,3,3,3,3,12,FAIR MEADOWS | Fair Meadows
whispering pines,1,3,3,5,12,WHISPERING PINES | Whispering Pines
wilson & mossmans florence,4,2,1,5,12,WILSON & MOSSMANS FLORENCE | Wilson & Mossmans Florence
wilson gardens,5,2,3,2,12,WILSON GARDENS | Wilson Gardens
overland hills iv,6,3,0,2,11,OVERLAND HILLS IV | Overland Hills IV | Overland Hills Iv
elmwood townhomes,0,0,1,10,11,ELMWOOD TOWNHOMES | Elmwood Townhomes
southcrest hills,4,2,0,5,11,SOUTHCREST HILLS | Southcrest Hills
timber creek ii,3,3,2,3,11,TIMBER CREEK II | Timber Creek II
south streams,0,0,0,11,11,SOUTH STREAMS | South Streams
grandview ridge,3,5,2,1,11,GRANDVIEW RIDGE | Grandview Ridge
sunshine add,2,2,4,3,11,SUNSHINE ADD | Sunshine Add
colonies,2,7,1,1,11,Colonies
colonial acres,6,2,1,2,11,COLONIAL ACRES | Colonial Acres
heritage,5,1,1,4,11,HERITAGE | Heritage
saunders & himebaugh to walnut hill,2,2,3,4,11,SAUNDERS & HIMEBAUGH TO WALNUT HILL | Saunders & Himebaugh to Walnut HIll | Saunders & Himebaugh to Walnut Hill
wears west pacific,1,5,2,3,11,WEARS WEST PACIFIC | Wears West Pacific
hitchcocks,3,3,2,3,11,HITCHCOCKS | Hitchcocks
west l st acres,3,4,2,2,11,WEST L ST ACRES | West L St Acres
montclair add,1,3,4,3,11,MONTCLAIR ADD | Montclair ADD | Montclair Add
maenner south,3,6,0,2,11,MAENNER SOUTH | Maenner South
maenner hillside,3,2,2,4,11,MAENNER HILLSIDE | Maenner Hillside
beverly hills,3,2,3,3,11,BEVERLY HILLS | Beverly Hills
hargleroad 2nd,4,1,2,4,11,HARGLEROAD 2ND | Hargleroad 2nd
st andrews pointe,0,5,2,4,11,St Andrews Pointe
hargleroads,3,4,1,3,11,HARGLEROADS | Hargleroads | hargleroads
westbrook add,4,0,2,5,11,WESTBROOK ADD | Westbrook ADD | Westbrook Add
grant place,3,3,2,3,11,GRANT PLACE | Grant Place
walnut pointe,2,1,2,6,11,WALNUT POINTE | Walnut Pointe
suburban homes,1,4,4,2,11,SUBURBAN HOMES | Suburban Homes
cummings heights,4,4,1,2,11,CUMMINGS HEIGHTS | Cummings Heights
bensonvale acres,4,1,3,3,11,BENSONVALE ACRES | Bensonvale Acres
bellaire heights,2,2,2,5,11,BELLAIRE HEIGHTS | Bellaire Heights
keystone meadows,6,1,2,2,11,KEYSTONE MEADOWS | Keystone Meadows
keystone terrace,4,2,2,3,11,KEYSTONE TERRACE | Keystone Terrace
twinridge add,1,3,3,4,11,TWINRIDGE ADD | TWINRIDGE Add | Twinridge Add
pawnee hills,5,2,3,1,11,PAWNEE HILLS | Pawnee Hills
bedford place,1,5,4,1,11,BEDFORD PLACE | Bedford Place
belle lago south,0,1,1,9,11,Belle Lago South
upland terrace,2,3,4,2,11,UPLAND TERRACE | Upland Terrace
lindenwood,2,4,2,3,11,LINDENWOOD | Lindenwood
brookline terrace,4,3,1,3,11,BROOKLINE TERRACE | Brookline Terrace | brookline terrace
rogers ridge,5,0,4,2,11,ROGERS RIDGE | Rogers Ridge
wedgewood,4,2,3,2,11,WEDGEWOOD | Wedgewood
greenacres,2,3,2,4,11,GREENACRES | GreenAcres | Greenacres
fox ridge estates,4,1,2,4,11,FOX RIDGE ESTATES | Fox Ridge Estates
southfork,5,1,3,2,11,SOUTHFORK | SouthFork | Southfork
signal hill park replat,3,1,2,5,11,SIGNAL HILL PARK REPLAT | Signal Hill Park Replat
lenox,3,4,2,2,11,LENOX | Lenox
le beau west,3,5,1,2,11,LE BEAU WEST | Le Beau West
crestview heights,4,2,0,5,11,CRESTVIEW HEIGHTS | Crestview Heights
lands sec-twn-rge,3,4,2,2,11,LANDS SEC-TWN-RGE | Lands SEC-TWN-RGE | Lands Sec-Twn-Rge
silverwood,3,3,3,2,11,SILVERWOOD | Silverwood
skyline woods,4,2,3,2,11,SKYLINE WOODS | Skyline Woods
park view heights 2nd addition,1,3,2,4,10,PARK VIEW HEIGHTS 2ND ADDITION | Park View Heights 2nd Addition
brookline place,4,1,1,4,10,BROOKLINE PLACE | Brookline Place
vernon heights replat,1,0,6,3,10,VERNON HEIGHTS REPLAT | Vernon Heights Replat
hurts add,3,2,2,3,10,HURTS ADD | Hurts ADD | Hurts Add
the abbey,1,2,7,0,10,The Abbey
indian hills village,2,2,5,1,10,INDIAN HILLS VILLAGE | Indian Hills Village
southwind two,3,0,4,3,10,SouthWind Two | Southwind TWO | Southwind Two
gate city park,4,5,1,0,10,GATE CITY PARK | Gate City Park
skyline estates,3,2,0,5,10,SKYLINE ESTATES | Skyline Estates
woodland hills,2,2,4,2,10,WOODLAND HILLS | Woodland Hills
windgate ranch ii,1,2,3,4,10,Windgate Ranch II
whitehall,2,0,4,4,10,WHITEHALL | Whitehall
westwood,4,0,4,2,10,WESTWOOD | Westwood
southgate estates,3,1,5,1,10,SOUTHGATE ESTATES | Southgate Estates
karen,6,0,3,1,10,KAREN | Karen
roanoke add,1,3,3,3,10,ROANOKE ADD | Roanoke ADD | Roanoke Add
creightons,4,0,1,5,10,CREIGHTONS | Creightons
riverfront place condominium,3,0,4,3,10,RIVERFRONT PLACE CONDOMINIUM | Riverfront Place Condominium
flatwater,3,1,2,4,10,FLATWATER | Flatwater
kempton heights,4,3,2,1,10,KEMPTON HEIGHTS | Kempton Heights
oak leaf,0,0,0,10,10,Oak Leaf
nob hill,4,2,3,1,10,NOB HILL | Nob Hill
western addition,5,2,1,2,10,WESTERN ADDITION | Western Addition
happy hollow view,3,1,4,2,10,HAPPY HOLLOW VIEW | Happy Hollow View
blodgett & krajacics,3,4,2,1,10,BLODGETT & KRAJACICS | Blodgett & Krajacics
harvest heights,6,3,1,0,10,HARVEST HEIGHTS | Harvest Heights
sumter crossing,3,4,2,1,10,Sumter Crossing
mason southwest,5,2,1,2,10,MASON SOUTHWEST | Mason Southwest
overlook addition,1,2,3,4,10,Overlook Addition
belmont park,1,6,0,3,10,BELMONT PARK | Belmont Park
rushart addition,2,3,3,2,10,RUSHART ADDITION | Rushart Addition
baldridge heights,2,3,0,5,10,Baldridge Heights
the sanctuary,1,4,1,4,10,THE SANCTUARY | The Sanctuary
bellaire,5,3,1,1,10,BELLAIRE | Bellaire
jewell place,0,3,3,4,10,JEWELL PLACE | Jewell Place
logan place,3,2,2,3,10,LOGAN PLACE | Logan Place
granite creek,0,0,0,10,10,Granite Creek
cedar ridge,3,2,2,3,10,CEDAR RIDGE | Cedar Ridge
country club dist,1,3,0,6,10,COUNTRY CLUB DIST | Country Club Dist
country club district,2,2,3,3,10,Country Club District
maenner westbrook,2,4,3,1,10,MAENNER WESTBROOK | Maenner Westbrook
schlesingers add,2,1,6,1,10,SCHLESINGERS ADD | Schlesingers Add
hawk ridge,3,1,5,1,10,HAWK RIDGE | Hawk Ridge | Hawk ridge | hawk ridge
mulford & grossmans,3,2,2,2,9,MULFORD & GROSSMANS | Mulford & Grossmans
mount vernon,2,4,1,2,9,MOUNT VERNON | Mount Vernon
tregaron ridge condominiums,1,2,4,2,9,TREGARON RIDGE CONDOMINIUMS | Tregaron Ridge Condominiums
homestead addition,4,3,0,2,9,Homestead Addition
hoctor terrace,5,1,3,0,9,HOCTOR TERRACE | Hoctor Terrace
highland pointe,0,4,2,3,9,HIGHLAND POINTE | Highland Pointe
highview,5,0,2,2,9,HIGHVIEW | Highview
hillcrest,4,1,2,2,9,Hillcrest
woodhurst,2,2,2,3,9,WOODHURST | Woodhurst
pacific pointe estates,3,1,3,2,9,PACIFIC POINTE ESTATES | Pacific Pointe Estates
palomino hills,2,3,3,1,9,PALOMINO HILLS | Palomino Hills
firestone,2,1,2,4,9,FIRESTONE | Firestone
wilshire heights,3,4,2,0,9,WILSHIRE HEIGHTS | Wilshire Heights
franklin place,1,2,2,4,9,FRANKLIN PLACE | Franklin Place
woodlands,3,3,1,2,9,WOODLANDS | Woodlands
fort view terrace,1,2,3,3,9,FORT VIEW TERRACE | Fort View Terrace
hansens,5,3,0,1,9,HANSENS | Hansens
gises add,2,3,1,3,9,GISES ADD | Gises Add
spanish village,5,2,1,1,9,Spanish Village
lake ridge estates,1,4,2,2,9,Lake Ridge Estates
lakeshore,3,3,2,1,9,LAKESHORE | Lakeshore
stonybrook,4,1,2,2,9,STONYBROOK | Stonybrook
spring green,5,1,0,3,9,Spring Green
thomason & goos add,2,1,4,2,9,THOMASON & GOOS ADD | Thomason & Goos Add
spring creek,2,1,3,3,9,SPRING CREEK | Spring Creek
bensonhurst,5,1,3,0,9,BENSONHURST | Bensonhurst
auburn hill,2,2,4,1,9,AUBURN HILL | Auburn Hill | Auburn hill
the horizon,4,2,1,2,9,THE HORIZON | The Horizon
north shore commercial,1,5,0,3,9,North Shore Commercial
chimney ridge,1,3,3,2,9,CHIMNEY RIDGE | Chimney Ridge
lyman place,4,2,1,2,9,LYMAN PLACE | Lyman Place
orchard heights,1,3,1,4,9,ORCHARD HEIGHTS | Orchard Heights
scarborough,1,1,3,4,9,SCARBOROUGH | Scarborough
hidden hills,1,2,2,4,9,HIDDEN HILLS | Hidden Hills
hillside forest,1,2,4,2,9,Hillside Forest
brookline hill,0,4,4,1,9,BROOKLINE HILL | Brookline Hill
cinnamon creek 2nd addition,1,3,3,2,9,CINNAMON CREEK 2ND ADDITION | Cinnamon Creek 2nd Addition
redmans,6,1,1,1,9,REDMANS | Redmans
sumtur crossing replat 2,0,1,2,6,9,Sumtur Crossing Replat 2 | Sumtur Crossing replat 2
the cove,4,3,0,2,9,The Cove
rock creek,4,1,2,2,9,ROCK CREEK | Rock Creek
west albright,3,0,5,1,9,WEST ALBRIGHT | West Albright
rogers,2,5,2,0,9,ROGERS | Rogers
florence park,2,2,3,2,9,FLORENCE PARK | Florence Park
good luck addition,1,3,4,1,9,GOOD LUCK ADDITION | Good Luck Addition
saunders & himebaughs,4,2,0,3,9,SAUNDERS & HIMEBAUGHS | Saunders & Himebaughs
west village,3,3,2,1,9,WEST VILLAGE | West Village
maclad heights,2,3,3,1,9,MACLAD HEIGHTS | Maclad Heights
72 place,0,0,1,8,9,72 Place
sunshine,3,4,0,2,9,SUNSHINE | Sunshine
park forest,3,2,2,2,9,PARK FOREST | Park Forest
harrison park replat one,1,1,1,6,9,HARRISON PARK REPLAT ONE | Harrison Park Replat One | Harrison Park Replat one
cornish heights,4,0,2,3,9,CORNISH HEIGHTS | Cornish Heights
meadowbrook homes,2,2,1,4,9,MEADOWBROOK HOMES | Meadowbrook Homes
home acres,1,2,5,1,9,HOME ACRES | Home Acres | home acres
sulphur spring,4,1,1,2,8,SULPHUR SPRING | Sulphur Spring
millard park south 2,0,1,2,5,8,MILLARD PARK SOUTH 2 | Millard Park South 2
pacific grove,0,2,5,1,8,PACIFIC GROVE | Pacific Grove
boulevard park add,0,1,2,5,8,BOULEVARD PARK ADD | Boulevard Park Add
comer add,3,1,2,2,8,COMER ADD | Comer Add
prairie point,3,1,3,1,8,Prairie Point
orchard valley,1,2,1,4,8,Orchard Valley
solomons add,2,3,2,1,8,SOLOMONS ADD | Solomons ADD | Solomons Add
papillion,3,2,1,2,8,PAPILLION | Papillion | papillion
posts add,2,0,3,3,8,POSTS ADD | Posts Add
hanson's lake,2,2,2,2,8,Hanson's Lake
mergen acres,3,3,2,0,8,MERGEN ACRES | Mergen Acres
hazel terrace,2,3,1,2,8,HAZEL TERRACE | Hazel Terrace
bridgeford add,2,3,1,2,8,BRIDGEFORD ADD | Bridgeford Add
saunders & himebaughs add,2,1,3,2,8,SAUNDERS & HIMEBAUGHS ADD | Saunders & Himebaughs Add
millard highlands south iii,4,1,0,3,8,MILLARD HIGHLANDS SOUTH III | Millard Highlands South III
tomahawk hills 2nd add,0,1,2,5,8,TOMAHAWK HILLS 2ND ADD | Tomahawk Hills 2nd ADD | Tomahawk Hills 2nd Add
elmwood view,1,2,3,2,8,ELMWOOD VIEW | Elmwood View
southampton,0,2,4,2,8,SOUTHAMPTON | Southampton
country club oaks,3,1,4,0,8,Country Club Oaks
mount view acres,3,3,1,1,8,MOUNT VIEW ACRES | Mount View Acres
homes at river road,4,3,0,1,8,HOMES AT RIVER ROAD | Homes at River Road
mapleview add,2,2,2,2,8,MAPLEVIEW ADD | Mapleview Add | Mapleview add
city of bellevue,1,1,5,1,8,City of Bellevue | city of Bellevue
tudor arms,4,1,2,1,8,Tudor Arms
montclair west replat,1,1,4,2,8,MONTCLAIR WEST REPLAT | Montclair West Replat
mount pleasant,4,1,1,2,8,MOUNT PLEASANT | Mount Pleasant
townhomes of village pointe,1,1,2,4,8,TOWNHOMES OF VILLAGE POINTE | Townhomes Of Village Pointe | Townhomes of Village Pointe
mahoney & minahans,7,1,0,0,8,MAHONEY & MINAHANS | Mahoney & Minahans
highland orchard,2,3,1,2,8,HIGHLAND ORCHARD | Highland Orchard
himebaugh & pattersons,2,1,3,2,8,HIMEBAUGH & PATTERSONS | Himebaugh & Pattersons
hillside,3,3,2,0,8,HILLSIDE | Hillside
town of bennington,2,2,1,3,8,Town of Bennington
barrington place,0,2,5,1,8,BARRINGTON PLACE | Barrington Place
harvest hill,1,2,4,1,8,HARVEST HILL | Harvest Hill | harvest hill
hickory hills,4,0,2,2,8,HICKORY HILLS | Hickory Hills
arcadia court,1,3,1,3,8,ARCADIA COURT | Arcadia Court
westbury farms,5,1,2,0,8,Westbury  Farms | Westbury Farms
sanctuary ridge,0,0,5,3,8,SANCTUARY RIDGE | Sanctuary Ridge
carter lake view,3,1,3,1,8,CARTER LAKE VIEW | Carter Lake View
pinecrest,2,1,2,3,8,PINECREST | Pinecrest
bennington,4,1,3,0,8,Bennington
wellington heights,2,1,3,2,8,WELLINGTON HEIGHTS | Wellington Heights
hunters ridge,1,3,0,4,8,HUNTERS RIDGE | Hunters Ridge
belvedere add,1,2,3,2,8,BELVEDERE ADD | Belvedere Add
stone ridge rep 5,1,1,3,3,8,STONE RIDGE REP 5 | Stone Ridge Rep 5
robin hill add,1,2,3,2,8,ROBIN HILL ADD | Robin Hill ADD | Robin Hill Add
calarosa east / vistancia,0,1,5,2,8,CALAROSA EAST / VISTANCIA | Calarosa East / Vistancia
redicks,4,2,1,1,8,REDICKS | Redicks
camenzind highland,4,1,2,1,8,CAMENZIND HIGHLAND | Camenzind Highland
the farm,2,3,0,3,8,The Farm
pebblebrooke 2,1,1,2,4,8,Pebblebrooke 2
bel-air,5,1,2,0,8,BEL-AIR | Bel-Air | Bel-air
belle isle,2,3,3,0,8,BELLE ISLE | Belle Isle
ballena,3,2,0,3,8,BALLENA | Ballena
oakdale,3,3,1,1,8,Oakdale
oaktowne square,3,0,2,3,8,OAKTOWNE SQUARE | Oaktowne Square
oakridge north,2,1,5,0,8,OAKRIDGE NORTH | Oakridge North | oakridge north
north ridge heights,3,2,2,1,8,NORTH RIDGE HEIGHTS | North Ridge Heights
the highlands,3,3,0,2,8,The Highlands
park plaza,1,1,6,0,8,Park Plaza
thomsen mile west,3,2,1,2,8,THOMSEN MILE WEST | Thomsen Mile West | Thomsen mile West
longview,6,0,1,1,8,Longview
kimberly place,1,6,1,0,8,Kimberly Place
villas at skyline woods,5,1,1,1,8,VILLAS AT SKYLINE WOODS | Villas at Skyline Woods
knollwood,3,2,2,1,8,KNOLLWOOD | Knollwood
kountze 3rd add,1,1,6,0,8,KOUNTZE 3RD ADD | Kountze 3rd ADD | Kountze 3rd Add
village green,0,1,1,6,8,Village Green
yossems paradise valley,3,3,1,1,8,YOSSEMS PARADISE VALLEY | Yossems Paradise Valley
lavista replat,1,2,2,3,8,LaVista Replat | Lavista Replat
leawood south,1,3,1,3,8,LEAWOOD SOUTH | Leawood South
regency townhomes,1,1,3,3,8,REGENCY TOWNHOMES | Regency Townhomes
riverside hills,0,4,3,1,8,RIVERSIDE HILLS | Riverside Hills
stony brook villas,2,3,2,1,8,STONY BROOK VILLAS | Stony Brook Villas
granite creek east,0,0,0,8,8,Granite Creek East
hansens add,0,1,3,4,8,HANSENS ADD | Hansens Add
blue sage creek 3,0,0,0,8,8,BLUE SAGE CREEK 3 | Blue Sage Creek 3
silverthorne,2,0,4,2,8,Silverthorne | silverthorne
groves suburban heights,2,2,1,3,8,GROVES SUBURBAN HEIGHTS | Groves Suburban Heights
southern park addition,2,2,1,3,8,SOUTHERN PARK ADDITION | Southern Park Addition
western trails,2,3,3,0,8,WESTERN TRAILS | Western Trails | Western trails
winterburn heights,4,0,3,1,8,WINTERBURN HEIGHTS | Winterburn Heights
french village,5,2,0,1,8,FRENCH VILLAGE | French Village
albright choice,3,0,2,3,8,ALBRIGHT CHOICE | Albright Choice
first addition to randolph place to south omaha,1,0,3,3,7,FIRST ADDITION TO RANDOLPH PLACE TO SOUTH OMAHA
westmont (2nd platting),2,2,2,1,7,WESTMONT (2ND PLATTING) | WESTMONT (2nd Platting) | Westmont (2nd Platting)
fair acres,2,3,1,1,7,FAIR ACRES | Fair Acres
forest hills,2,2,3,0,7,Forest Hills
four fountains,4,0,0,3,7,FOUR FOUNTAINS | Four Fountains
blue sage,2,0,2,3,7,Blue Sage
woodstone,1,1,5,0,7,WOODSTONE | Woodstone
woodlands crossing,0,4,2,1,7,WOODLANDS CROSSING | Woodlands Crossing
florence heights,2,1,3,1,7,FLORENCE HEIGHTS | Florence Heights
crosskey village-east,1,0,2,4,7,CROSSKEY VILLAGE-EAST | Crosskey Village-East
grove,2,1,1,3,7,GROVE | Grove
edgewater on the park,2,3,0,2,7,EDGEWATER ON THE PARK | Edgewater on the Park
elk creek,2,4,0,1,7,ELK CREEK | Elk Creek
yale place,2,2,1,2,7,YALE PLACE | Yale Place
wood valley village,1,1,4,1,7,Wood Valley Village
gises,4,1,1,1,7,GISES | Gises
tuttles,1,1,3,2,7,TUTTLES | Tuttles
avery heights,1,3,0,3,7,AVERY HEIGHTS | Avery Heights
ruscello / north streams,0,1,4,2,7,RUSCELLO / NORTH STREAMS | Ruscello / North Streams
spring lake park,2,3,2,0,7,SPRING LAKE PARK | Spring Lake Park
kennedy town center,4,2,1,0,7,KENNEDY TOWN CENTER | Kennedy Town Center
lakeside at tiburon,0,0,4,3,7,LAKESIDE AT TIBURON | Lakeside at Tiburon
cunninghams,3,1,0,3,7,CUNNINGHAMS | Cunninghams
ashbury creek 2,5,0,2,0,7,Ashbury Creek 2
walnut creek,3,1,1,2,7,Walnut Creek
suhl's acres,1,2,4,0,7,SUHL'S ACRES | Suhl's Acres
suburban home,2,1,1,3,7,SUBURBAN HOME | Suburban Home
brynhaven at hanover falls,1,0,1,5,7,BRYNHAVEN AT HANOVER FALLS
creightons 2nd add,2,2,0,3,7,CREIGHTONS 2ND ADD | Creightons 2nd Add
avalon,4,1,2,0,7,Avalon
thomason & goos,2,1,2,2,7,THOMASON & GOOS | Thomason & Goos
rows at soma,2,3,1,1,7,ROWS AT SOMA | Rows at SOMA | Rows at SoMa | Rows at Soma
parkview heights iv,1,2,1,3,7,PARKVIEW HEIGHTS IV | Parkview Heights IV
the estates at wynnwood,1,2,0,4,7,THE ESTATES AT WYNNWOOD | The Estates At Wynnwood | The Estates at Wynnwood
park townhouses,2,3,1,1,7,PARK TOWNHOUSES | Park Townhouses
patrick place,1,1,0,5,7,PATRICK PLACE | Patrick Place
calarosa west/vistancia vistancia/calarosa,0,0,0,7,7,Calarosa west/vistancia Vistancia/calarosa
pattersons,4,1,1,1,7,Pattersons
oak hills of millard,1,2,2,2,7,OAK HILLS OF MILLARD | Oak Hills of Millard
cheyenne country estates,2,3,1,1,7,Cheyenne Country Estates
rowhaus elmwood park,0,2,4,1,7,ROWHAUS ELMWOOD PARK | Rowhaus Elmwood Park
oak hills highlands,4,1,1,1,7,OAK HILLS HIGHLANDS | Oak Hills Highlands
kitchen & waugh,0,3,2,2,7,KITCHEN & WAUGH | Kitchen & Waugh
villas of saddlebrook,2,4,1,0,7,VILLAS OF SADDLEBROOK | Villas of Saddlebrook
villas of huntington woods,1,4,1,1,7,VILLAS OF HUNTINGTON WOODS | Villas Of Huntington Woods | Villas of Huntington Woods
the ranches,1,1,1,4,7,The Ranches
terra cotta condominiums,1,0,5,1,7,TERRA COTTA CONDOMINIUMS | Terra Cotta Condominiums
tara highlands,1,2,3,1,7,TARA HIGHLANDS | Tara Highlands
sunshine view,0,1,2,4,7,SUNSHINE VIEW | Sunshine View | sunshine View
center horizons,2,2,1,2,7,CENTER HORIZONS | Center Horizons
sunset terrace,2,0,2,3,7,SUNSET TERRACE | Sunset Terrace
boardwalk condominium,2,0,4,1,7,BOARDWALK CONDOMINIUM | Boardwalk Condominium
charles place,1,1,1,4,7,CHARLES PLACE | Charles Place
miracle hills,2,1,1,3,7,Miracle Hills
millard town,0,4,1,2,7,Millard Town
summit park,6,0,0,1,7,SUMMIT PARK | Summit Park
boulevard terrace,1,3,3,0,7,Boulevard Terrace | boulevard terrace
elmwood acres,0,2,2,3,7,ELMWOOD ACRES | Elmwood Acres | Elmwood acres
south papillion,3,1,3,0,7,SOUTH PAPILLION | South Papillion
military addition,1,2,2,2,7,Military Addition
piedmont townhomes,3,2,2,0,7,PIEDMONT TOWNHOMES | Piedmont Townhomes
hargleroad add,0,3,3,1,7,HARGLEROAD ADD | Hargleroad Add | Hargleroad add
pine ridge,1,2,3,1,7,Pine Ridge
town of waterloo,1,2,1,3,7,Town Of Waterloo | Town of Waterloo
town & country place,2,1,2,2,7,TOWN & COUNTRY PLACE | Town & Country Place
high view estates,4,2,0,1,7,HIGH VIEW ESTATES | High View Estates
dundee,1,3,1,2,7,DUNDEE | Dundee
maple hill,2,0,2,3,7,MAPLE HILL | Maple Hill
stirling park,0,3,2,2,7,STIRLING PARK | Stirling Park
brandeis building,4,3,0,0,7,BRANDEIS BUILDING | Brandeis Building
schlesingers,5,1,0,1,7,SCHLESINGERS | Schlesingers
beverly manor condo property regime,1,5,0,1,7,Beverly Manor Condo Property Regime
hascalls,2,1,2,2,7,HASCALLS | Hascalls
hastings & heydens add,0,2,3,2,7,HASTINGS & HEYDENS ADD | Hastings & Heydens ADD
heavenly acres,3,1,1,2,7,HEAVENLY ACRES | Heavenly Acres
hickmans,2,2,0,3,7,HICKMANS | Hickmans
heritage hill,0,0,6,1,7,Heritage Hill
bay meadows add,1,1,2,3,7,BAY MEADOWS ADD | Bay Meadows ADD | Bay Meadows Add
tomahawk hills 4th add,1,0,2,4,7,TOMAHAWK HILLS 4TH ADD | Tomahawk Hills 4th Add
west fairacres village,1,1,1,4,7,WEST FAIRACRES VILLAGE | West Fairacres Village
iler add,0,2,4,1,7,ILER ADD | Iler Add
mossman & wilsons,2,1,1,3,7,MOSSMAN & WILSONS | Mossman  & Wilsons | Mossman & Wilsons
hoffman terrace,0,3,2,2,7,HOFFMAN TERRACE | Hoffman Terrace
walnut lake,2,0,2,3,7,Walnut Lake
waterloo,2,1,3,1,7,Waterloo
dewey row,5,1,0,1,7,DEWEY ROW | Dewey Row
lindyview,1,2,3,1,7,LINDYVIEW | Lindyview
rogers -s e-add,3,0,2,2,7,ROGERS -S E-ADD | Rogers -S E-Add
valley hai,1,2,1,3,7,Valley Hai
valley farms,2,1,1,3,7,VALLEY FARMS | Valley Farms
loveland add,1,2,3,1,7,LOVELAND ADD | Loveland ADD | Loveland Add
radio heights,1,1,2,3,7,RADIO HEIGHTS | Radio Heights
ralston addition,1,2,3,1,7,Ralston Addition
country club view,0,2,1,4,7,COUNTRY CLUB VIEW | Country Club View
mayne place,3,1,2,1,7,MAYNE PLACE | Mayne Place
cottage park,2,3,2,0,7,COTTAGE PARK | Cottage Park
cotton wood,4,1,1,1,7,Cotton Wood
copper ridge condominiums,2,3,0,2,7,COPPER RIDGE CONDOMINIUMS | Copper Ridge Condominiums
merwald's addition,1,5,0,1,7,MERWALD'S ADDITION | Merwald's Addition
meadow oaks,1,3,2,1,7,MEADOW OAKS | Meadow Oaks
mercer park,4,0,2,1,7,Mercer Park
bowies add,2,5,0,0,7,BOWIES ADD | Bowies ADD | Bowies Add
potter & cobbs,3,2,2,0,7,POTTER & COBBS | Potter & Cobbs
mcgavock & okeefes,5,2,0,0,7,MCGAVOCK & OKEEFES | McGavock & Okeefes
pier 15 replat 1,4,3,0,0,7,PIER 15 REPLAT 1 | Pier 15 Replat 1
belcaro heights,2,1,0,4,7,Belcaro Heights
northern hills estates,3,0,0,3,6,NORTHERN HILLS ESTATES | Northern Hills Estates
crestwood add,2,2,1,1,6,CRESTWOOD ADD | Crestwood ADD | Crestwood Add
northridge,0,4,1,1,6,NORTHRIDGE | Northridge
benson heights,2,1,0,3,6,BENSON HEIGHTS | Benson Heights
countryside addition,0,2,4,0,6,COUNTRYSIDE ADDITION | Countryside Addition
lyman hylands,1,3,1,1,6,LYMAN HYLANDS | Lyman Hylands
oakhurst park,0,3,3,0,6,Oakhurst Park
begley park,1,2,1,2,6,BEGLEY PARK | Begley Park | Begley park
tiburon estates,1,4,0,1,6,Tiburon Estates
beadles,0,2,4,0,6,Beadles
cascio,0,2,2,2,6,CASCIO | Cascio
olive crest country estates,3,2,0,1,6,OLIVE CREST COUNTRY ESTATES | Olive Crest Country Estates
bella west townhomes,0,0,4,2,6,BELLA WEST TOWNHOMES | Bella West Townhomes
cheyenne ridge,0,2,3,1,6,CHEYENNE RIDGE | Cheyenne Ridge
oak heights add,0,1,2,3,6,OAK HEIGHTS ADD | Oak Heights Add
kirby's 1st addition,1,4,1,0,6,KIRBY'S 1ST ADDITION | Kirby's 1st Addition | Kirby's 1st addition
kiltera villas,0,4,1,1,6,Kiltera Villas
ruscello,0,1,4,1,6,Ruscello
roxbury west,2,2,1,1,6,RoxBury West | Roxbury West
kountze 4th add,1,1,1,3,6,KOUNTZE 4TH ADD | Kountze 4th ADD | Kountze 4th Add
daybreak springs,0,0,0,6,6,DAYBREAK SPRINGS | Daybreak Springs
west rockbrook,1,2,2,1,6,WEST ROCKBROOK | West Rockbrook
sharon place,3,1,1,1,6,SHARON PLACE | Sharon Place
fair lawns,2,1,2,1,6,Fair Lawns
silverthorne condominium,1,1,2,2,6,SILVERTHORNE CONDOMINIUM | Silverthorne Condominium
southern park,3,1,1,1,6,SOUTHERN PARK | Southern Park
erway & nelsons,2,3,0,1,6,ERWAY & NELSONS | Erway & Nelsons
granite creek west,0,0,0,6,6,Granite Creek West
greenlea,5,0,1,0,6,GREENLEA | Greenlea
ginger woods,3,0,1,2,6,Ginger Woods
west lawn,2,2,1,1,6,West Lawn
seymours,2,1,2,1,6,SEYMOURS | Seymours
white tail creek,2,1,1,2,6,White Tail Creek | White Tail creek | white Tail Creek
andersons,3,0,3,0,6,Andersons
rows at conventry,0,0,0,6,6,Rows at Conventry
bellair hillside,2,0,1,3,6,BELLAIR HILLSIDE | Bellair Hillside
the view,1,2,3,0,6,THE VIEW | The View
the lindens,3,1,1,1,6,The Lindens
stony brook replat ii,2,0,3,1,6,STONY BROOK REPLAT II | Stony Brook Replat II
calarosa east,0,1,4,1,6,Calarosa East
latvian tower,2,0,3,1,6,LATVIAN TOWER | Latvian Tower
sugar creek addition,2,1,0,3,6,SUGAR CREEK ADDITION | Sugar Creek Addition
stricklands sub div,0,0,6,0,6,STRICKLANDS SUB DIV
vista valley,2,2,1,1,6,VISTA VALLEY | Vista Valley
kenwood addition,1,2,1,2,6,Kenwood Addition | kenwood addition
kilby place,2,1,2,1,6,KILBY PLACE | Kilby Place
king lake,1,2,0,3,6,KING LAKE | King Lake
clearview,4,0,0,2,6,CLEARVIEW | Clearview
clarks place,1,1,1,3,6,CLARKS PLACE | Clarks Place
suncrest,2,0,4,0,6,SunCrest | Suncrest
quail ridge on skyline drive,1,2,2,1,6,QUAIL RIDGE ON SKYLINE DRIVE | Quail Ridge On Skyline Drive | Quail Ridge on Skyline Drive
spyglass hill,1,1,2,2,6,SPYGLASS HILL | Spyglass Hill
stillmeadow 2nd add,3,0,1,2,6,STILLMEADOW 2ND ADD | Stillmeadow 2nd Add
edgemoor,3,0,0,3,6,EDGEMOOR | Edgemoor
santa fe pointe,1,1,1,3,6,SANTA FE POINTE | Santa Fe Pointe
harrison heights,2,1,3,0,6,HARRISON HEIGHTS | Harrison Heights | harrison heights
hastings & heydens,1,2,1,2,6,HASTINGS & HEYDENS | Hastings & Heydens
eden terrace,3,2,0,1,6,Eden Terrace
mockingbird heights replat,1,0,3,2,6,MOCKINGBIRD HEIGHTS REPLAT | Mockingbird Heights Replat
tregaron ridge,2,1,1,2,6,TREGARON RIDGE | Tregaron Ridge
morton heights,1,1,2,2,6,Morton Heights
morningside addition,2,1,1,2,6,MORNINGSIDE ADDITION | Morningside Addition | Morningside addition
magnolia,0,0,0,6,6,Magnolia
hilltop,2,2,2,0,6,Hilltop
hickory place,1,0,4,1,6,HICKORY PLACE | Hickory Place
drexel add,1,2,3,0,6,DREXEL ADD | Drexel ADD | Drexel Add
donovans,1,2,1,2,6,DONOVANS | Donovans
rolling hills,1,2,0,3,6,Rolling Hills
valand,1,2,2,1,6,VALAND | Valand
lipton place,3,2,0,1,6,LIPTON PLACE | Lipton Place
lookingglass heights ii,2,1,2,1,6,LOOKINGGLASS HEIGHTS II | Lookingglass Heights II
prairies,1,1,2,2,6,PRAIRIES | Prairies
prairie ridge,1,1,2,2,6,PRAIRIE RIDGE | Prairie Ridge
sun valley park,1,2,1,2,6,SUN VALLEY PARK | Sun Valley Park
dietz meadows,1,3,1,1,6,DIETZ MEADOWS | Dietz Meadows
arlington at dundee,1,3,2,0,6,ARLINGTON AT DUNDEE | Arlington At Dundee | Arlington at Dundee
hoppes bonanza,1,0,4,1,6,HOPPES BONANZA | Hoppes Bonanza
hunter's creek,0,1,1,4,6,Hunter's Creek
immanuel lakeside,0,0,2,4,6,Immanuel Lakeside
wears benson,1,2,2,1,6,WEARS BENSON | Wears Benson
mount douglas,1,3,1,1,6,MOUNT DOUGLAS | Mount Douglas
plainview,3,2,1,0,6,PLAINVIEW | Plainview
pleasant ridge,1,3,0,2,6,Pleasant Ridge
southbridge condo,1,0,2,3,6,SOUTHBRIDGE CONDO | Southbridge Condo
country aire 2,1,2,2,1,6,COUNTRY AIRE 2 | Country Aire 2
mcgavock & okeefes replat,0,2,0,4,6,MCGAVOCK & OKEEFES REPLAT | McGavock & Okeefes Replat
melias 1st add,1,0,3,2,6,MELIAS 1ST ADD | MELIAS 1st ADD | Melias 1st Add
corrigan place 1st add,0,2,2,2,6,CORRIGAN PLACE 1ST ADD | Corrigan Place 1st Add
spruce 180/spruce ridge/blondo ridges,0,4,2,0,6,Spruce 180/Spruce Ridge/Blondo Ridges
eagle ridge village,0,2,1,3,6,EAGLE RIDGE VILLAGE | Eagle Ridge Village
east side,2,0,2,2,6,East Side
applewood lane,2,1,0,3,6,APPLEWOOD LANE | Applewood Lane
happy hollow add,1,2,1,2,6,HAPPY HOLLOW ADD | Happy Hollow Add
hargleroads military,2,3,1,0,6,HARGLEROADS MILITARY | Hargleroads Military
dupont place,1,1,0,4,6,DUPONT PLACE | Dupont Place
plum ridge,2,0,2,2,6,PLUM RIDGE | Plum Ridge
potter & cobbs add,2,0,1,3,6,POTTER & COBBS ADD | Potter & Cobbs ADD | Potter & Cobbs Add
granada ii,2,2,1,1,6,GRANADA II | Granada II
golden hills ii,1,1,3,1,6,Golden Hills II
florence park add,2,1,1,2,6,FLORENCE PARK ADD | Florence Park Add
ford warehouse,2,3,1,0,6,FORD WAREHOUSE | Ford Warehouse
forbes,2,2,1,1,6,FORBES | Forbes
millard highlands south ii replat,2,1,2,1,6,MILLARD HIGHLANDS SOUTH II REPLAT | Millard Highlands South II Replat
missouri ave park,4,0,1,1,6,MISSOURI AVE PARK | Missouri Ave Park
co2 condominium,1,2,1,2,6,CO2 CONDOMINIUM | CO2 Condominium
mission park 2nd add,2,1,2,1,6,MISSION PARK 2ND ADD | Mission Park 2nd Add
miracle hills park place condo,2,0,3,1,6,MIRACLE HILLS PARK PLACE CONDO | Miracle Hills Park Place Condo
svoboda's addition,1,2,1,2,6,SVOBODA'S ADDITION | SVOBODA's Addition | Svoboda's Addition
terrace heights,1,1,2,2,6,TERRACE HEIGHTS | Terrace Heights
orchard home,1,1,1,3,6,ORCHARD HOME | Orchard Home
cedar view,4,0,1,1,6,Cedar View
bowers add,1,2,1,2,6,BOWERS ADD | Bowers ADD | Bowers Add
soma,1,0,2,3,6,SOMA | SoMa | Soma
albright annex,2,2,1,1,6,ALBRIGHT ANNEX | Albright Annex
albright,2,2,2,0,6,ALBRIGHT | Albright
benson crest,2,0,1,2,5,Benson Crest
dellones -fred- add,0,0,0,5,5,DELLONES -FRED- ADD
new port vista,0,0,2,3,5,New Port Vista
kountze 2nd add,1,3,1,0,5,Kountze 2nd ADD | Kountze 2nd Add
pacific pines,1,0,0,4,5,Pacific Pines
bridgefords rockbrook add,1,1,2,1,5,BRIDGEFORDS ROCKBROOK ADD
hammond place,3,1,1,0,5,HAMMOND PLACE | Hammond Place
cedar hills add,0,0,1,4,5,CEDAR HILLS ADD | Cedar Hills ADD | Cedar Hills Add
townview terrace,2,1,1,1,5,Townview Terrace
mason heights,3,0,1,1,5,MASON HEIGHTS | Mason Heights
brookline add,1,0,1,3,5,BROOKLINE ADD | Brookline Add
melias 1st addition,1,0,3,1,5,MELIAS 1ST ADDITION | Melias 1st Addition
martinview,2,0,1,2,5,MARTINVIEW | Martinview
archer place,2,0,3,0,5,Archer Place
fontenelle hills iii,1,0,0,4,5,FONTENELLE HILLS III | Fontenelle Hills III
trendwood 2nd add,1,2,1,1,5,TRENDWOOD 2ND ADD | Trendwood 2nd Add
mathews,3,0,1,1,5,MATHEWS | Mathews
calarosa (vistancia),0,0,0,5,5,CALAROSA (VISTANCIA) | Calarosa (Vistancia)
calkins,5,0,0,0,5,Calkins
maple lane,0,0,0,5,5,MAPLE LANE | Maple Lane | Maple lane
solomons,1,2,1,1,5,Solomons
banses 3rd add,2,1,1,1,5,BANSES 3RD ADD | Banses 3rd Add
arbor ridge 2,3,1,0,1,5,Arbor Ridge 2
kirkwood add,0,1,2,2,5,KIRKWOOD ADD | Kirkwood Add
rosslyn,1,1,2,1,5,Rosslyn
melias,1,2,0,2,5,Melias
meridian park replat two,1,1,2,1,5,MERIDIAN PARK REPLAT TWO | Meridian Park Replat Two
harper valley,1,1,2,1,5,Harper Valley
harold square,0,1,0,4,5,HAROLD SQUARE | Harold Square
harney place,1,2,1,1,5,HARNEY PLACE | Harney Place
carthage addition,2,2,1,0,5,Carthage Addition
mid city,1,1,2,1,5,MID CITY | Mid City
center park replat,2,0,2,1,5,CENTER PARK REPLAT | Center Park Replat
hansens country club hills,0,3,1,1,5,HANSENS COUNTRY CLUB HILLS | Hansens Country Club Hills
brook hollow,2,2,1,0,5,Brook Hollow
west loveland add,1,2,1,1,5,WEST LOVELAND ADD | West Loveland Add
twin ridge v,1,1,3,0,5,TWIN RIDGE V | Twin Ridge V
windstone,4,0,1,0,5,Windstone
redicks-clark-add,1,1,1,2,5,REDICKS-CLARK-ADD | Redicks-Clark-Add
south omaha city,2,1,2,0,5,SOUTH OMAHA CITY | South Omaha City
park hills addition second platting,2,1,1,1,5,PARK HILLS ADDITION SECOND PLATTING | Park Hills Addition Second Platting
reeves addition,3,2,0,0,5,Reeves Addition
none,3,1,0,1,5,none
campbells add,2,0,1,2,5,CAMPBELLS ADD | Campbells Add
mayne,2,2,1,0,5,Mayne
south gretna,2,2,1,0,5,SOUTH GRETNA | South Gretna
west l street acres,1,3,0,1,5,West L Street Acres
sorensens place,0,0,5,0,5,SORENSENS PLACE
skyline oaks,2,2,0,1,5,Skyline Oaks
shulls add,2,3,0,0,5,SHULLS ADD | Shulls ADD | Shulls Add
crosskey village east,0,4,0,1,5,Crosskey Village East
sheridan place,3,1,0,1,5,SHERIDAN PLACE | Sheridan Place
the meadows replat ix,0,3,1,1,5,THE MEADOWS REPLAT IX
golden hills iv,2,1,1,1,5,GOLDEN HILLS IV | Golden Hills IV
amber place,3,1,1,0,5,Amber Place | amber place
crestaire,0,2,2,1,5,CRESTAIRE | Crestaire
crestaire addition,0,0,3,2,5,CRESTAIRE ADDITION | Crestaire Addition
westwood add,1,1,0,3,5,WESTWOOD ADD | Westwood Add
oak park add,0,0,1,4,5,OAK PARK ADD | Oak Park ADD | Oak Park Add
garden view,1,2,2,0,5,Garden View
looking glass heights ii,4,0,0,1,5,Looking Glass Heights II
the plantation,0,1,1,3,5,The Plantation
grand oaks,1,0,1,3,5,Grand Oaks
glencoe place,1,0,3,1,5,GLENCOE PLACE | Glencoe Place
bel-air village add,1,1,0,3,5,BEL-AIR VILLAGE ADD | Bel-Air Village Add
whispering ridge west,5,0,0,0,5,Whispering Ridge West
longview add,1,1,1,2,5,LONGVIEW ADD | Longview Add
the rows at soma,1,1,2,1,5,The Rows at SOMA | The Rows at Soma
whispering timbers,2,0,1,2,5,Whispering Timbers
gises addition,1,1,1,2,5,Gises Addition
the reserve,1,0,2,2,5,The Reserve
looking glass heights,2,1,1,1,5,Looking Glass Heights
latvian tower condominiums,1,2,1,1,5,LATVIAN TOWER CONDOMINIUMS | Latvian Tower Condominiums
applewood lane townhomes,0,2,3,0,5,APPLEWOOD LANE TOWNHOMES | Applewood Lane Townhomes
cherry hill,1,0,2,2,5,Cherry Hill
north streams / ruscello,0,0,2,3,5,North Streams / Ruscello
mallard lake,2,1,2,0,5,Mallard Lake
prairie village add,0,1,2,2,5,PRAIRIE VILLAGE ADD | Prairie Village Add
burr oak,1,2,1,1,5,BURR OAK | Burr Oak
mahoney & minahans 1st,0,1,2,2,5,MAHONEY & MINAHANS 1ST | Mahoney & Minahans 1st
signal hill townhomes,0,0,3,2,5,SIGNAL HILL TOWNHOMES | Signal Hill Townhomes
fowler place,2,2,0,1,5,FOWLER PLACE | Fowler Place
ramblewood replat ii,2,0,1,2,5,RAMBLEWOOD REPLAT II | Ramblewood Replat II
oakdale woods,3,1,1,0,5,OAKDALE WOODS | Oakdale Woods
orchard place,1,3,0,1,5,Orchard Place
fair haven,2,1,2,0,5,Fair Haven
lawndale,3,0,1,1,5,LAWNDALE | Lawndale
oliver addition,1,0,1,3,5,Oliver Addition
factory place,1,3,1,0,5,FACTORY PLACE | Factory Place
legacy,4,0,0,1,5,Legacy
loukotas keystone,0,3,0,2,5,LOUKOTAS KEYSTONE | Loukotas Keystone
chandler creek,0,0,3,2,5,Chandler Creek
granite falls,3,1,1,0,5,Granite Falls
omaha,2,1,1,1,5,Omaha | omaha
seymours add,3,1,1,0,5,SEYMOURS ADD | Seymours Add
thomas woods,2,0,1,2,5,THOMAS WOODS | Thomas Woods
coventry estates,1,1,1,2,5,Coventry Estates
remington ridge west,3,0,1,1,5,REMINGTON RIDGE WEST | Remington Ridge West
yorkshire hills,2,3,0,0,5,Yorkshire Hills
west bay,1,2,2,0,5,West Bay
comer,1,2,1,1,5,COMER | Comer
west end,1,2,0,2,5,WEST END | West End
dillons fairacres add,1,1,1,2,5,DILLONS FAIRACRES ADD | Dillons Fairacres Add
coronado,0,2,2,1,5,CORONADO | Coronado
hilltop acres,1,1,2,1,5,HILLTOP ACRES | Hilltop Acres
wycliff,0,1,4,0,5,Wycliff
washington hill,1,2,1,1,5,WASHINGTON HILL | Washington Hill
spruce abbey / spruce 180 / spruce ridge,5,0,0,0,5,SPRUCE ABBEY / SPRUCE 180 / SPRUCE RIDGE | Spruce Abbey / Spruce 180 / Spruce Ridge
bluestem meadows blue stem meadows,0,3,2,0,5,BLUESTEM MEADOWS BLUE STEM MEADOWS | Bluestem Meadows Blue Stem Meadows
alscher homes,0,3,0,2,5,ALSCHER HOMES | Alscher Homes
sapphire hills,1,3,1,0,5,Sapphire Hills
aspen condominuims,0,3,2,0,5,ASPEN CONDOMINUIMS | Aspen Condominuims
village cove,1,0,3,1,5,Village Cove
colonies replat ii,2,1,0,2,5,COLONIES REPLAT II | Colonies Replat II
saddle hills add,0,2,2,1,5,SADDLE HILLS ADD | Saddle Hills Add
hartmans,0,2,2,1,5,HARTMANS | Hartmans
virginia place,0,3,1,1,5,VIRGINIA PLACE | Virginia Place
wood valley replat 5,2,0,3,0,5,WOOD VALLEY REPLAT 5 | Wood Valley Replat 5
valley view heights,2,2,0,1,5,VALLEY VIEW HEIGHTS | Valley View Heights
vintage glen,2,1,1,1,5,Vintage Glen
iler,1,0,2,2,5,ILER | Iler
millard highland south,2,3,0,0,5,Millard Highland South
van camps,1,1,2,1,5,VAN CAMPS | Van Camps
himebaugh & pattersons sub,0,0,2,3,5,HIMEBAUGH & PATTERSONS SUB | Himebaugh & Pattersons SUB | Himebaugh & Pattersons Sub
blondo ridges / spruce ridge,4,0,0,1,5,BLONDO RIDGES / SPRUCE RIDGE | Blondo Ridges / Spruce Ridge
van camps add,2,0,2,1,5,VAN CAMPS ADD | Van Camps ADD | Van Camps Add
homesite,1,2,1,1,5,HOMESITE | Homesite
wedgewood town homes,2,1,0,2,5,WEDGEWOOD TOWN HOMES | Wedgewood Town Homes
harlem lane,3,1,0,1,5,HARLEM LANE | Harlem  Lane | Harlem Lane
clayton place,0,3,1,1,5,CLAYTON PLACE | Clayton Place
mormon heights,2,1,1,1,5,MORMON HEIGHTS | Mormon Heights
east millard,0,3,1,1,5,EAST MILLARD | East Millard
east side add,1,3,0,1,5,EAST SIDE ADD | East Side add
dodge park,2,2,1,0,5,DODGE PARK | Dodge Park
cotton-wood,1,1,0,3,5,COTTON-WOOD | Cotton-Wood
aksarben,2,1,1,1,5,Aksarben
southern valley,3,1,0,1,5,Southern Valley
armour place,2,1,1,1,5,ARMOUR PLACE | Armour Place
dunsany flats,3,1,1,0,5,Dunsany Flats
ridgefield 2nd,2,1,0,2,5,RIDGEFIELD 2ND | Ridgefield 2nd
piedmont replat,1,0,3,1,5,PIEDMONT REPLAT | Piedmont Replat
improvement assn,2,3,0,0,5,IMPROVEMENT ASSN | Improvement Assn
waterford crossing,2,2,0,1,5,Waterford Crossing
vollmer place,1,1,0,3,5,VOLLMER PLACE | Vollmer Place
spring hill,0,0,5,0,5,Spring Hill
mossman & wilsons add,1,1,0,3,5,MOSSMAN & WILSONS ADD | Mossman & Wilsons ADD | Mossman & Wilsons Add
milltown village,2,2,0,1,5,MILLTOWN VILLAGE | Milltown Village
briggs place,2,1,1,1,5,BRIGGS PLACE | Briggs Place
druid hill add,2,0,0,3,5,DRUID HILL ADD | Druid Hill Add
clearview add,3,1,0,1,5,CLEARVIEW ADD | Clearview Add | Clearview add
still meadow,2,2,0,1,5,STILL MEADOW | Still Meadow
ashland park,0,2,1,2,5,ASHLAND PARK | Ashland Park
dwight & lymans add,1,2,1,1,5,DWIGHT & LYMANS ADD | Dwight & Lymans Add
regis,1,3,1,0,5,REGIS | Regis | regis
hilltop manor add,1,0,2,2,5,HILLTOP MANOR ADD | Hilltop Manor Add
tiburon pointe,1,1,0,2,4,Tiburon Pointe
homewood park,3,0,1,0,4,Homewood Park
tiburon ridge replat 2,4,0,0,0,4,TIBURON RIDGE REPLAT 2
gregg road place south,0,2,0,2,4,GREGG ROAD PLACE SOUTH | Gregg ROAD PLACE SOUTH | Gregg Road Place South
lancaster place,2,0,0,2,4,Lancaster Place
le beau replat i,0,1,0,3,4,LE BEAU REPLAT I
tomahawk hills 7th add,0,0,0,4,4,TOMAHAWK HILLS 7TH ADD | Tomahawk Hills 7th Add
shadow view 2nd add,0,0,0,4,4,SHADOW VIEW 2ND ADD | Shadow View 2nd Add
green acres addition,1,1,0,2,4,GREEN ACRES ADDITION | Green Acres Addition
lakewood gardens,2,2,0,0,4,Lakewood Gardens
westridge farms,0,2,2,0,4,Westridge Farms
bedford,3,0,1,0,4,Bedford
wears west pacific add,0,0,2,2,4,WEARS WEST PACIFIC ADD
arden place,2,0,1,1,4,ARDEN PLACE | Arden Place
lands sec,1,2,1,0,4,LANDS SEC | Lands Sec
land,2,0,2,0,4,LAND
linwood park,0,0,0,4,4,LINWOOD PARK | Linwood Park
the reserve at schram point,1,2,1,0,4,THE RESERVE AT SCHRAM POINT | The Reserve at Schram Point
lockwood terrace,2,0,2,0,4,Lockwood Terrace
elkhorn ridge estates,0,2,1,1,4,ELKHORN RIDGE ESTATES | Elkhorn Ridge Estates
pheasant run replat ii,1,1,2,0,4,PHEASANT RUN REPLAT II | Pheasant Run Replat II
calarosa east vistancia,0,0,2,2,4,Calarosa East  Vistancia | Calarosa East Vistancia
pickard school square,0,2,0,2,4,PICKARD SCHOOL SQUARE | Pickard School Square
roycroft at dundee,2,0,1,1,4,Roycroft at Dundee
ralston village,1,1,1,1,4,Ralston Village
aspen condominiums,0,0,1,3,4,ASPEN CONDOMINIUMS | Aspen Condominiums
the meadows replat vi,1,1,1,1,4,THE MEADOWS REPLAT VI | The Meadows Replat VI | The Meadows Replat Vi
pebblebrook,0,1,2,1,4,PEBBLEBROOK | Pebblebrook
cascio's subdivision,1,1,1,1,4,CASCIO'S SUBDIVISION | Cascio's Subdivision
lincoln place fourth platting,0,2,0,2,4,LINCOLN PLACE FOURTH PLATTING | Lincoln Place Fourth Platting
lebberts,1,2,0,1,4,Lebberts
hillsboro,1,2,0,1,4,HILLSBORO | Hillsboro
himebaughs,3,1,0,0,4,HIMEBAUGHS | Himebaughs
villas at creekside,0,2,2,0,4,VILLAS AT CREEKSIDE | Villas At Creekside | Villas at Creekside
lebeau,1,1,1,1,4,LeBeau | Lebeau
the villas of linden estates,2,1,1,0,4,The Villas Of Linden Estates | The Villas of Linden Estates
the woods,2,1,1,0,4,THE WOODS | The Woods
ellistone park place supp,0,1,1,2,4,ELLISTONE PARK PLACE SUPP
hawthorne add,0,0,2,2,4,HAWTHORNE ADD | Hawthorne Add
portland place,0,1,2,1,4,PORTLAND PLACE | Portland Place
emerald oaks 2nd addition,0,1,3,0,4,EMERALD OAKS 2ND ADDITION | Emerald Oaks 2nd Addition
selby heights,3,0,0,1,4,Selby Heights
lenox addition,3,1,0,0,4,Lenox Addition
olsons,0,3,1,0,4,OLSONS | Olsons
greens,1,1,1,1,4,GREENS | Greens
hillside acres,1,1,2,0,4,HILLSIDE ACRES | Hillside Acres
schenks 1st add,0,1,2,1,4,SCHENKS 1ST ADD | Schenks 1st Add
denises,1,1,1,1,4,DENISES | Denises
kesslers,3,0,0,1,4,Kesslers
keystone lawns,2,1,0,1,4,KEYSTONE LAWNS | Keystone Lawns
underwood park 1st add,0,0,2,2,4,UNDERWOOD PARK 1ST ADD | Underwood Park 1st Add
saunders and himebaugh,0,2,2,0,4,Saunders and Himebaugh
kennedy town center replat one,3,0,1,0,4,KENNEDY TOWN CENTER REPLAT ONE | Kennedy Town Center Replat One
patricks add,1,0,2,1,4,PATRICKS ADD | Patricks Add
tiburon view ii,2,1,1,0,4,Tiburon View II
hartmans add,2,0,0,2,4,HARTMANS ADD | Hartmans Add
kellys add,0,2,1,1,4,KELLYS ADD | Kellys Add
west cuming,2,0,1,1,4,WEST CUMING | West Cuming
village green townhomes co-op,0,0,1,3,4,VILLAGE GREEN TOWNHOMES CO-OP | Village Green Townhomes Co-op
detweiler place,2,1,0,1,4,DETWEILER PLACE | Detweiler Place
elkhorn,3,1,0,0,4,Elkhorn
hascall & rogers,3,1,0,0,4,HASCALL & ROGERS | Hascall & Rogers
deer park,2,0,1,1,4,DEER PARK | Deer Park
barkers allotment,0,1,1,2,4,BARKERS ALLOTMENT | Barkers Allotment
west country club,2,1,0,1,4,West Country Club
balla machree,1,1,1,1,4,BALLA MACHREE | Balla Machree
armbrust oaks,1,1,0,2,4,Armbrust Oaks
eckerman place,1,2,0,1,4,Eckerman Place
jefferson place,0,1,0,3,4,Jefferson Place
karen addition,1,0,2,1,4,Karen Addition
jizba heights,2,0,1,1,4,JIZBA HEIGHTS | Jizba Heights
hannibal add,0,0,2,2,4,HANNIBAL ADD | Hannibal Add
patricks 2nd add,1,0,2,1,4,PATRICKS 2ND ADD | Patricks 2nd Add
hamptons,2,2,0,0,4,Hamptons
jewell dale,0,3,0,1,4,Jewell Dale
patricks,1,2,0,1,4,PATRICKS | Patricks
jewett add,0,2,2,0,4,JEWETT ADD | Jewett Add | Jewett add
two rivers farmstead,1,1,0,2,4,TWO RIVERS FARMSTEAD | Two Rivers Farmstead
deauville condo property reg no 3,1,0,2,1,4,DEAUVILLE CONDO PROPERTY REG NO 3
schenks,0,3,0,1,4,SCHENKS | Schenks
capitol townhomes,2,1,1,0,4,Capitol Townhomes
jlofts,3,1,0,0,4,JLofts | jLofts
dillons benson add,1,1,1,1,4,DILLONS BENSON ADD | Dillons Benson Add
grove addition,2,1,1,0,4,Grove Addition
la vista original platting,3,1,0,0,4,LA VISTA ORIGINAL PLATTING | La Vista Original Platting
dolls rockbrook add,0,1,1,2,4,DOLLS ROCKBROOK ADD | Dolls Rockbrook ADD | Dolls Rockbrook Add
kountze 5th add,2,0,1,1,4,KOUNTZE 5TH ADD | Kountze 5th Add
timber lodge lake,1,2,0,1,4,Timber Lodge Lake
dodges,1,1,1,1,4,Dodges
kroegers add,1,1,2,0,4,KROEGERS ADD
baywood,3,0,1,0,4,Baywood
tippery's 1st addition,0,1,1,2,4,TIPPERY'S 1ST ADDITION | Tippery's 1st Addition
pinevale,3,0,1,0,4,Pinevale
apple grove addition,0,0,3,1,4,APPLE GROVE ADDITION | Apple Grove Addition
applewood,1,2,0,1,4,Applewood
laurelton,0,2,2,0,4,LAURELTON | Laurelton
applewood lane townhomes condo,0,0,2,2,4,APPLEWOOD LANE TOWNHOMES CONDO | Applewood Lane Townhomes Condo
top of the mark,0,1,2,1,4,TOP OF THE MARK | Top Of The Mark | Top Of the Mark | Top of the Mark
heritage condominium property regime,0,1,1,2,4,HERITAGE CONDOMINIUM PROPERTY REGIME | Heritage Condominium Property Regime
deauville cond property regime no 1,0,1,2,1,4,DEAUVILLE COND PROPERTY REGIME NO 1 | Deauville Cond Property Regime No 1
villa springs,2,1,0,1,4,Villa Springs
sedlacek's 1st addition to springfield,0,1,0,3,4,SEDLACEK'S 1ST ADDITION TO SPRINGFIELD
hoppers,0,2,0,2,4,HOPPERS | Hoppers
tranquility view 3rd add,2,0,0,2,4,TRANQUILITY VIEW 3RD ADD | Tranquility View 3rd Add
pacific meadows 2nd add,0,0,3,1,4,PACIFIC MEADOWS 2ND ADD | Pacific Meadows 2nd Add
knob hill,1,0,1,2,4,KNOB HILL | Knob Hill
vic peterson add,1,0,2,1,4,VIC PETERSON ADD | Vic Peterson Add
schwalbs,1,0,1,2,4,SCHWALBS | Schwalbs | schwalbs
wear's west pacific add,2,1,0,1,4,WEAR'S WEST PACIFIC ADD
gretna,1,1,2,0,4,Gretna
kirkwood,1,0,1,2,4,KIRKWOOD | Kirkwood
hurts addition,1,0,1,2,4,Hurts Addition
lake view addition,1,1,1,1,4,Lake View Addition
lakeside,1,2,1,0,4,Lakeside
lake add,1,1,0,2,4,LAKE ADD | Lake Add
wears sunny view,1,0,2,1,4,WEARS SUNNY VIEW | Wears Sunny View
pinewood 3rd add,0,3,0,1,4,PINEWOOD 3RD ADD
westchester addition,3,0,0,1,4,Westchester Addition
benson view,1,1,2,0,4,BENSON VIEW | Benson View
marietta place,2,0,2,0,4,MARIETTA PLACE | Marietta Place
coes add,1,0,1,2,4,COES ADD | Coes Add
colonies at cedar crest,1,1,1,1,4,COLONIES AT CEDAR CREST | Colonies at Cedar Crest
springfield gardens,0,1,1,2,4,Springfield Gardens
boardwalk condo,1,2,0,1,4,Boardwalk Condo
spruce abbey / spruce 180,3,1,0,0,4,SPRUCE ABBEY / Spruce 180 | Spruce Abbey   /   Spruce 180 | Spruce Abbey / Spruce 180
south hampton,2,0,2,0,4,South Hampton
winterburns 3rd,1,2,0,1,4,Winterburns 3rd
winterburns 3rd add,0,2,2,0,4,WINTERBURNS 3RD ADD | Winterburns 3rd Add
fieldcrest,2,0,0,2,4,Fieldcrest
maenner-west add,1,1,1,1,4,MAENNER-WEST ADD | Maenner-West Add
club terrace,1,2,0,1,4,Club Terrace
north streams,0,0,0,4,4,North Streams
monarch grove,1,2,1,0,4,Monarch Grove
regency 1st add,0,0,2,2,4,REGENCY 1ST ADD | Regency 1st Add
southhampton,2,1,0,1,4,SOUTHHAMPTON | Southhampton
maxwell & freemans,1,2,1,0,4,Maxwell & Freemans
st. andrews pointe,1,1,0,2,4,St. Andrews Pointe
georgetown,1,0,1,2,4,GEORGETOWN | Georgetown
covington ii,2,0,1,1,4,Covington II
covells add to creighton hgts,2,0,0,2,4,COVELLS ADD TO CREIGHTON HGTS
luke & templetons,1,0,3,0,4,LUKE & TEMPLETONS | Luke & Templetons
wise & parmeles add,2,0,1,1,4,WISE & PARMELES ADD | Wise & Parmeles Add
field club place,1,2,1,0,4,FIELD CLUB PLACE | Field Club Place
burr place,1,1,1,1,4,Burr Place
moes sub,0,1,1,2,4,MOES SUB | Moes Sub
norwood,2,0,2,0,4,NORWOOD | Norwood
norwood add,0,1,2,1,4,NORWOOD ADD | Norwood ADD | Norwood Add
bellevue blocks (orig town),4,0,0,0,4,BELLEVUE BLOCKS (ORIG TOWN) | Bellevue Blocks (orig Town)
newport hill,1,1,2,0,4,Newport Hill
calarosa west,0,0,0,4,4,Calarosa West
country aire,0,2,1,1,4,COUNTRY AIRE | Country Aire
birch tree lofts,2,0,1,1,4,Birch Tree Lofts
reservoir,1,1,0,2,4,RESERVOIR | Reservoir
new horizons,1,0,2,1,4,NEW HORIZONS | New Horizons
500 building,1,0,1,2,4,500 Building
forest run ii,0,1,0,3,4,Forest Run II
wilcox add,1,1,1,1,4,WILCOX ADD | Wilcox Add
fairway ridge,1,0,2,1,4,FAIRWAY RIDGE | Fairway Ridge
country club heights,1,2,1,0,4,Country Club Heights
millard highlands south 2nd platting,0,0,3,1,4,MILLARD HIGHLANDS SOUTH 2ND PLATTING | Millard Highlands South 2nd Platting
blondo ridge,1,0,2,1,4,Blondo Ridge
summit condominium property regime,1,1,1,1,4,SUMMIT CONDOMINIUM PROPERTY REGIME | Summit Condominium Property Regime
city lots,2,1,0,1,4,City Lots | City lots
ford lofts,2,1,0,1,4,Ford Lofts
cambridge estates,0,1,1,2,4,Cambridge Estates
fairway villas,3,0,1,0,4,Fairway Villas
500 building cond prop regime,0,1,1,2,4,500 BUILDING COND PROP REGIME | 500 Building Cond Prop Regime
calarosa/vistancia,0,0,1,3,4,Calarosa/Vistancia
mathews sub div,0,1,1,2,4,MATHEWS SUB DIV | Mathews Sub Div
summer hill farms,2,0,1,1,4,Summer Hill Farms
mayne -c e- 1st add,1,0,2,1,4,MAYNE -C E- 1ST ADD
suburban homes add,2,2,0,0,4,SUBURBAN HOMES ADD
ervindale,0,0,1,3,4,Ervindale
northfield,1,3,0,0,4,Northfield
north streams / ruscello ruscello / north streams ruscello,0,0,3,1,4,North Streams / Ruscello Ruscello / North Streams Ruscello
mayfair 2nd addition,0,2,0,2,4,MAYFAIR 2ND ADDITION | Mayfair 2nd Addition
camenzind highland 2nd add,0,2,1,1,4,CAMENZIND HIGHLAND 2ND ADD
ridgemoor replat two,0,1,0,3,4,RIDGEMOOR REPLAT TWO | Ridgemoor Replat Two
williams replat,2,0,2,0,4,WILLIAMS REPLAT | Williams Replat
evanston add,0,1,1,2,4,EVANSTON ADD | Evanston Add
meadow view,1,2,0,1,4,Meadow View
floroma,3,0,0,1,4,FLOROMA | Floroma
meridan park,1,0,1,2,4,MERIDAN PARK | Meridan Park
southwoods,1,1,1,1,4,Southwoods
albright & aylesworths,1,2,1,0,4,ALBRIGHT & AYLESWORTHS | Albright & Aylesworths
ridgeview,0,3,1,0,4,RIDGEVIEW | Ridgeview
westwood heights 14th add,2,0,1,1,4,WESTWOOD HEIGHTS 14TH ADD | Westwood Heights 14th Add
condon place,2,0,1,1,4,CONDON PLACE | Condon Place
muller home add,0,0,2,2,4,MULLER HOME ADD | Muller Home ADD | Muller Home Add
belle meade condominiums,2,1,1,0,4,Belle Meade Condominiums
sherwood park,0,1,1,2,4,SHERWOOD PARK | Sherwood Park
meadow crest 2nd,1,0,2,1,4,MEADOW CREST 2ND | Meadow Crest 2nd
euclid place,1,0,3,0,4,EUCLID PLACE | Euclid Place
chris lake,2,1,1,0,4,Chris Lake
fairview crossing,1,1,1,1,4,Fairview Crossing
okahoma,3,1,0,0,4,OKAHOMA | Okahoma
stone creek village condo prop reg,1,2,0,1,4,STONE CREEK VILLAGE CONDO PROP REG
glenbrook rep 2,0,1,1,2,4,GLENBROOK REP 2 | Glenbrook Rep 2
fairacres add,2,0,2,0,4,FAIRACRES ADD | Fairacres Add
belle meade condo 2nd amendment,0,0,2,2,4,BELLE MEADE CONDO 2ND AMENDMENT | Belle Meade Condo 2nd Amendment
montclair addition,2,1,1,0,4,MONTCLAIR Addition | Montclair Addition | Montclair addition
spearman's first addition to springfield,2,1,0,1,4,SPEARMAN'S FIRST ADDITION TO SPRINGFIELD
oaktowne square cond prop regime,1,2,0,1,4,OAKTOWNE SQUARE COND PROP REGIME | Oaktowne Square Cond Prop Regime
ocander place,1,2,0,1,4,OCANDER PLACE | Ocander Place
linwood place,0,2,2,0,4,LINWOOD PLACE | Linwood Place
fairview heights replat,1,1,2,0,4,FAIRVIEW HEIGHTS REPLAT
highview addition,1,1,1,1,4,HIGHVIEW ADDITION | Highview Addition
the colonies replat ii,1,0,1,2,4,THE COLONIES REPLAT II | The Colonies Replat II
sunnyview estates,0,1,1,2,4,SUNNYVIEW ESTATES | Sunnyview Estates
fairview south replat 1,1,1,1,1,4,FAIRVIEW SOUTH REPLAT 1 | Fairview South Replat 1
richmond,1,1,1,1,4,RICHMOND | Richmond
fairview south ii,3,1,0,0,4,Fairview South II
bloomfield townhomes,1,0,2,1,4,Bloomfield Townhomes
missouri ave park 1st add,0,1,2,1,4,Missouri Ave Park 1st Add | Missouri ave park 1st Add
premier place,0,3,0,1,4,PREMIER PLACE | Premier Place
conestoga place,1,1,1,1,4,CONESTOGA PLACE | Conestoga Place
stony brook replat,0,0,2,2,4,STONY BROOK REPLAT | Stony Brook Replat
meadows,0,0,3,1,4,Meadows
essex place,2,0,1,1,4,ESSEX PLACE | Essex Place
estes,0,1,0,3,4,ESTES | Estes
lowes addition,1,0,1,2,4,LOWES ADDITION | Lowes Addition
meinershagen add,1,2,1,0,4,MEINERSHAGEN ADD
southern manor estates,1,0,3,0,4,Southern Manor Estates | Southern manor estates
grand view,2,0,0,2,4,Grand View
bruhn acres on west military,1,1,2,0,4,BRUHN ACRES ON WEST MILITARY | Bruhn Acres on West Military
o rourke place,0,0,2,2,4,O ROURKE PLACE | O Rourke Place
evanston addition,2,0,2,0,4,Evanston Addition
cedarnole,1,1,0,1,3,CEDARNOLE | Cedarnole
valley heights,0,0,1,2,3,VALLEY HEIGHTS | Valley Heights
valley hai add,1,1,0,1,3,VALLEY HAI ADD | Valley Hai Add
parrys revision,1,0,1,1,3,PARRYS REVISION | Parrys Revision
dillon fairacres,2,0,1,0,3,Dillon Fairacres
irene place,1,1,0,1,3,Irene Place
mid city add,1,0,0,2,3,Mid City Add
indian creek estates,0,1,1,1,3,INDIAN CREEK ESTATES | Indian Creek Estates
bonfield,2,0,1,0,3,Bonfield
birchfield 2nd addition,0,0,3,0,3,BIRCHFIELD 2ND ADDITION | Birchfield 2nd Addition
millard place,1,2,0,0,3,Millard Place
midtown crossing building 120 condo,0,0,2,1,3,MIDTOWN CROSSING BUILDING 120 CONDO
upland homes,1,1,1,0,3,UPLAND HOMES | Upland Homes
sterling ridge,1,2,0,0,3,Sterling Ridge
avian forest,0,0,1,2,3,Avian Forest
patricks 2nd saratoga add,0,1,1,1,3,Patricks 2nd Saratoga Add
myers richards & tildens add,0,0,2,1,3,MYERS RICHARDS & TILDENS ADD
cottage home,0,1,0,2,3,Cottage Home
avery north replat i,0,2,0,1,3,AVERY NORTH REPLAT I
jefferson place townhomes,0,0,3,0,3,Jefferson Place Townhomes
indian creek landings,1,2,0,0,3,INDIAN CREEK LANDINGS | Indian Creek Landings
spruce ridge / blondo ridges,1,2,0,0,3,Spruce Ridge / Blondo Ridges
autumn woods,0,2,0,1,3,Autumn Woods
isaacs & seldens,2,1,0,0,3,ISAACS & SELDENS | Isaacs & Seldens
murrays rusty rose ridge,1,0,0,2,3,MURRAYS RUSTY ROSE RIDGE | Murrays Rusty Rose Ridge
midtown crossing building 220 condo,0,1,1,1,3,MIDTOWN CROSSING BUILDING 220 CONDO | Midtown Crossing Building 220 Condo
boardwalk condominiums,1,1,0,1,3,BOARDWALK CONDOMINIUMS | Boardwalk Condominiums
merryweather sub,0,1,0,2,3,MERRYWEATHER SUB | Merryweather Sub
mount pleasant add,0,0,2,1,3,MOUNT PLEASANT ADD | Mount Pleasant ADD | Mount Pleasant Add
bluebarn hill,2,0,1,0,3,Bluebarn Hill
dillons 10th add,1,0,1,1,3,DILLONS 10TH ADD
villas at southwind,1,0,1,1,3,VILLAS AT SOUTHWIND | Villas at Southwind
dillons 7th add,2,0,1,0,3,DILLONS 7TH ADD | Dillons 7th ADD
pepperwood heights,0,2,0,1,3,PEPPERWOOD HEIGHTS | Pepperwood Heights
wakeley,2,1,0,0,3,WAKELEY | Wakeley
dillons 11th add,0,0,2,1,3,DILLONS 11TH ADD | Dillons 11th Add
hillsborough replat iii,1,0,0,2,3,HILLSBOROUGH REPLAT III | Hillsborough Replat III
southern pines replat 1,0,1,0,2,3,SOUTHERN PINES REPLAT 1 | Southern Pines Replat 1
spanish village cond prop regime,0,0,2,1,3,SPANISH VILLAGE COND PROP REGIME | Spanish Village Cond Prop Regime
paxton condominium property reg,1,0,2,0,3,PAXTON CONDOMINIUM PROPERTY REG | Paxton Condominium PROPERTY REG
hilltop acres subdivision,0,1,0,2,3,HILLTOP ACRES SUBDIVISION | Hilltop Acres Subdivision
valley,1,1,0,1,3,Valley
montclair of westwood south,0,0,1,2,3,Montclair of Westwood South
concord square,0,1,2,0,3,Concord Square
hilltop manor,2,1,0,0,3,HILLTOP MANOR | Hilltop Manor
condos on california,2,0,1,0,3,Condos on California
citta's,1,0,0,2,3,Citta's
ashbury farms,1,0,0,2,3,Ashbury Farms
highland estates,0,0,1,2,3,HIGHLAND ESTATES | Highland Estates
highland add,0,1,1,1,3,HIGHLAND ADD | Highland Add
highland,1,1,0,1,3,Highland
montclair of westwood - south,0,0,1,2,3,MONTCLAIR OF WESTWOOD - SOUTH
highland ridge,1,2,0,0,3,Highland Ridge
spring lake park add,3,0,0,0,3,SPRING LAKE PARK ADD | Spring Lake Park Add
monterey village,0,0,1,2,3,MONTEREY VILLAGE | Monterey Village
waterford rep 3,0,1,1,1,3,WATERFORD REP 3 | Waterford Rep 3
contour park,2,0,0,1,3,CONTOUR PARK | Contour Park
parkland place,0,2,1,0,3,PARKLAND PLACE
birchfield 2nd add,0,1,1,1,3,Birchfield 2nd Add
denises addition,1,0,0,2,3,Denises Addition
southside acres,0,1,2,0,3,SOUTHSIDE ACRES | Southside Acres
park view heights replat,2,0,0,1,3,PARK VIEW HEIGHTS REPLAT | Park View Heights Replat | Park view Heights replat
vernon gardens,2,0,0,1,3,VERNON GARDENS | Vernon Gardens
huntington woods,1,2,0,0,3,Huntington Woods
parkers,1,2,0,0,3,PARKERS | Parkers
hyde park,1,1,0,1,3,HYDE PARK | Hyde Park
city of papillion,0,0,2,1,3,City of Papillion
millard highlands replat,0,2,0,1,3,MILLARD HIGHLANDS REPLAT | Millard Highlands Replat
hurts,1,0,1,1,3,HURTS | Hurts
millard highlands replat iii,0,2,0,1,3,MILLARD HIGHLANDS REPLAT III
millard highlands replat iv,0,0,0,3,3,MILLARD HIGHLANDS REPLAT IV
blondo ridges/spruce ridge,0,1,0,2,3,Blondo Ridges/Spruce Ridge
millard heights replat,1,0,1,1,3,MILLARD HEIGHTS REPLAT | Millard Heights Replat
springfield pines replat 1,0,0,0,3,3,SPRINGFIELD PINES REPLAT 1
salings add,2,0,1,0,3,Salings ADD | Salings Add
mission heights addition a,2,0,0,1,3,MISSION HEIGHTS ADDITION A | Mission Heights Addition A | Mission Heights addition A
dodge 36 condominium,1,0,1,1,3,Dodge 36 Condominium
southern view 3rd platting,0,2,0,1,3,SOUTHERN VIEW 3RD PLATTING
arrowhead acres,0,1,1,1,3,Arrowhead Acres
sarpy heights,2,0,0,1,3,SARPY HEIGHTS | Sarpy Heights
holy cross,2,0,1,0,3,Holy Cross
vistancia / calarosa east calarosa east/ vistancia,0,0,3,0,3,VISTANCIA / CALAROSA EAST  CALAROSA EAST/ VISTANCIA | VISTANCIA / CALAROSA EAST CALAROSA EAST/ VISTANCIA
persons & berrys,0,2,0,1,3,PERSONS & BERRYS | Persons & Berrys
"vistancia, calarosa, calarosa east",0,0,3,0,3,"Vistancia, Calarosa, Calarosa East"
clifton hills,1,1,0,1,3,Clifton HIlls | Clifton Hills
vistancia/ calarosa,0,0,0,3,3,VISTANCIA/ Calarosa | Vistancia/ Calarosa
cascio addition,1,0,2,0,3,Cascio Addition
northwest village,1,1,1,0,3,NORTHWEST VILLAGE | Northwest Village
the summit,2,0,0,1,3,The Summit
levys add,2,0,1,0,3,LEVYS ADD | Levys Add
olde towne bellevue,1,2,0,0,3,Olde Towne Bellevue
creightons 1st addition,1,1,1,0,3,Creightons 1st Addition
shadow run condo phase i & ii & iii,1,0,1,1,3,SHADOW RUN CONDO PHASE I & II & III
lundts replat,0,3,0,0,3,LUNDTS REPLAT | Lundts Replat
tiburon patio homes,0,1,1,1,3,TIBURON PATIO HOMES | Tiburon Patio Homes | Tiburon patio homes
sunset valley,1,1,1,0,3,Sunset Valley
six corners,0,0,1,2,3,Six Corners
leavenworth rows,2,0,0,1,3,Leavenworth Rows
sunset add,0,1,2,0,3,Sunset Add
old towne bellevue,1,0,2,0,3,Old Towne Bellevue
leawood oaks townhomes,3,0,0,0,3,LEAWOOD OAKS TOWNHOMES | Leawood Oaks Townhomes
rushart,2,0,0,1,3,Rushart
sunshine view 1st add,0,1,1,1,3,SUNSHINE VIEW 1ST ADD | Sunshine View 1st ADD
sunshine addition,2,0,0,1,3,Sunshine Addition
oak heights 2nd platting,1,1,1,0,3,OAK HEIGHTS 2ND PLATTING | Oak Heights 2nd Platting
oak chatham,1,2,0,0,3,OAK CHATHAM
cherrycroft,1,1,0,1,3,CHERRYCROFT | Cherrycroft
ostronic heights,0,1,1,1,3,OSTRONIC HEIGHTS | Ostronic Heights
bennington lake / newport landing,1,0,1,1,3,Bennington Lake / Newport Landing
north shore commercial (the cove),0,2,1,0,3,North Shore Commercial (The Cove)
sunny slope 1st add,1,0,1,1,3,SUNNY SLOPE 1ST ADD
boardwalk,0,2,1,0,3,Boardwalk
maenner south add,1,0,1,1,3,MAENNER SOUTH ADD | Maenner South ADD | Maenner South Add
boardwalk condominium property reg,0,0,2,1,3,BOARDWALK CONDOMINIUM PROPERTY REG | Boardwalk Condominium Property Reg
brandon park,0,1,2,0,3,Brandon Park
curtis acres,0,0,3,0,3,Curtis Acres
brandeis condominiums,2,1,0,0,3,Brandeis Condominiums
sunset,0,1,1,1,3,Sunset
shinns 2nd sub div,0,2,1,0,3,Shinns 2nd Sub Div
shinns 2nd add,0,1,2,0,3,SHINNS 2ND ADD | Shinns 2nd Add
lloyds,2,0,1,0,3,LLOYDS | Lloyds
bellair,3,0,0,0,3,BELLAIR | Bellair
okahoma park,1,1,1,0,3,Okahoma Park
oakridge west,1,0,1,1,3,Oakridge West
the palisades,0,0,1,2,3,The Palisades
bel air village replat,0,1,0,2,3,BEL AIR VILLAGE REPLAT
oaks of fontenelle,0,0,1,2,3,OAKS OF FONTENELLE | Oaks of Fontenelle
the hills of aspen creek,0,0,2,1,3,The Hills of Aspen Creek
bellaire addition b,1,1,0,1,3,BELLAIRE ADDITION B | Bellaire Addition B
the meadows replat,1,1,1,0,3,THE MEADOWS REPLAT | The Meadows Replat
creston,3,0,0,0,3,Creston
childs estate acres,1,0,1,1,3,Childs Estate Acres
the enclave,0,1,1,1,3,The Enclave
loveland addition,2,0,1,0,3,Loveland Addition | Loveland addition
syndicate hill,0,1,1,1,3,SYNDICATE HILL | Syndicate Hill
swift place,1,0,1,1,3,SWIFT PLACE | Swift Place
crestview,0,2,1,0,3,CRESTVIEW | Crestview
creston annex,1,0,0,2,3,CRESTON ANNEX | Creston Annex
skyline estates replat,0,2,0,1,3,Skyline Estates Replat
sky line,1,1,0,1,3,SKY LINE | Sky Line
country meadows,1,2,0,0,3,Country Meadows
country squire estates 2nd,1,0,1,1,3,Country Squire Estates 2nd
"lincoln place, first platting",2,0,0,1,3,"LINCOLN PLACE, FIRST PLATTING | Lincoln Place, First Platting"
seventy two place,0,0,1,2,3,SEVENTY TWO PLACE | Seventy Two Place
silverleaf,1,1,1,0,3,Silverleaf
thomas & sears,0,1,1,1,3,THOMAS & SEARS | Thomas & Sears
sunny slope 2nd add,0,0,2,1,3,SUNNY SLOPE 2ND ADD
legend trails,0,1,0,2,3,Legend Trails
legacy villas,1,1,0,1,3,LEGACY VILLAS | Legacy Villas
svendsen acres,3,0,0,0,3,Svendsen Acres
tudor arms condo,2,1,0,0,3,Tudor Arms Condo
kingswood heights,0,1,0,2,3,KINGSWOOD HEIGHTS | Kingswood Heights
overton,2,0,1,0,3,Overton
kavan add,2,0,0,1,3,Kavan Add
kavan,1,1,1,0,3,KAVAN | Kavan
barretts,1,1,1,0,3,Barretts
maxwell & freemans add,0,0,0,3,3,MAXWELL & FREEMANS ADD
kempton creek,0,0,3,0,3,Kempton Creek
maxwells,3,0,0,0,3,MAXWELLS | Maxwells
park view,0,0,1,2,3,PARK VIEW | Park View
maxwells 2nd add,1,0,2,0,3,MAXWELLS 2ND ADD | Maxwells 2nd Add
keystone heights,0,1,1,1,3,KEYSTONE HEIGHTS | Keystone Heights
north ridge,0,1,0,2,3,North Ridge
north park replat ii,0,1,1,1,3,NORTH PARK REPLAT II | North Park Replat II
chalco pointe 1st addition,0,2,1,0,3,CHALCO POINTE 1ST ADDITION | Chalco Pointe 1st Addition
sun valley park replat,0,3,0,0,3,SUN VALLEY PARK REPLAT | Sun Valley Park Replat
two springs replat iii,0,1,2,0,3,TWO SPRINGS REPLAT III | Two Springs Replat III
blackstone,0,1,1,1,3,Blackstone
meadow ridge rep 1,2,0,0,1,3,MEADOW RIDGE REP 1
jewett,1,1,0,1,3,JEWETT | Jewett
meadow terrace,1,1,0,1,3,Meadow Terrace
jlofts condos,0,3,0,0,3,jLofts Condos
murphy's add,0,0,1,2,3,Murphy's Add
jlofts condo,0,0,2,1,3,JLOFTS CONDO
south exchange place,1,0,0,2,3,SOUTH EXCHANGE PLACE | South Exchange Place
bosanek's orchard heights,1,0,1,1,3,BOSANEK'S ORCHARD HEIGHTS | Bosanek's Orchard Heights
savannah shores,1,1,0,1,3,Savannah Shores
june terrace 2nd add,2,0,1,0,3,JUNE TERRACE 2ND ADD | June Terrace 2nd Add
bowers,2,1,0,0,3,BOWERS | Bowers
meridian park replat three,1,0,2,0,3,MERIDIAN PARK REPLAT THREE
joslyn castle townhomes,0,2,0,1,3,JOSLYN CASTLE TOWNHOMES | Joslyn Castle Townhomes
two springs replat i,0,1,0,2,3,TWO SPRINGS REPLAT I | Two Springs Replat I
daybreak,0,0,0,3,3,DAYBREAK | Daybreak
lakewood,2,1,0,0,3,Lakewood
tiller addition,0,1,2,0,3,TILLER ADDITION | Tiller Addition
tiller's addition,0,1,1,1,3,TILLER'S ADDITION
bridgeford addition,1,1,1,0,3,Bridgeford Addition
stratford terrace,1,1,1,0,3,STRATFORD TERRACE | Stratford Terrace
briarcliff,0,1,2,0,3,BRIARCLIFF | Briarcliff
lake forest,0,0,1,2,3,LAKE FOREST | Lake Forest
summer glen rep one,0,0,0,3,3,SUMMER GLEN REP ONE
mattson,2,0,0,1,3,MATTSON | Mattson
cryer crest,0,0,2,1,3,CRYER CREST | Cryer Crest
sullivans add to so omaha,1,1,0,1,3,SULLIVANS ADD TO SO OMAHA
trendwood 2nd add replat 2,1,0,1,1,3,TRENDWOOD 2ND ADD REPLAT 2
so country club heights,0,1,1,1,3,SO COUNTRY CLUB HEIGHTS | So Country Club Heights
so omaha,1,2,0,0,3,So Omaha
smiths,0,1,1,1,3,SMITHS | Smiths
summit add,0,2,0,1,3,Summit Add
knolls 2nd,1,1,1,0,3,KNOLLS 2ND | Knolls 2nd
summit,1,0,1,1,3,Summit
tranquility,1,2,0,0,3,TRANQUILITY | Tranquility
so omaha 2nd add,1,0,2,0,3,SO OMAHA 2ND ADD | SO Omaha 2nd ADD
stone ridge village,0,1,2,0,3,STONE RIDGE VILLAGE | Stone Ridge Village
towne ranch estates,1,0,2,0,3,TOWNE RANCH ESTATES | Towne Ranch Estates
slamas,1,0,0,2,3,Slamas
bridgeford's rockbrook,1,1,1,0,3,Bridgeford's Rockbrook
newport add,3,0,0,0,3,Newport Add
tuttles sub div,1,1,0,1,3,TUTTLES SUB DIV
deauville condos,1,1,1,0,3,Deauville Condos
deauville condominiums,0,1,1,1,3,Deauville Condominiums
smithfield,2,0,1,0,3,Smithfield
king lake addition,0,1,1,1,3,KING LAKE ADDITION | King Lake Addition
kirby's,1,0,0,2,3,Kirby's
armbrust acres 4th,1,1,1,0,3,ARMBRUST ACRES 4TH | Armbrust Acres 4th
fort view,2,1,0,0,3,Fort View
"calarosa, calarosa east, vistancia",0,0,1,2,3,"Calarosa, Calarosa East, Vistancia"
calarosa west/vistancia,0,0,0,3,3,Calarosa West/Vistancia
founder ridge,1,1,1,0,3,Founder Ridge
armbrust rockbrook,2,0,0,1,3,Armbrust Rockbrook
harpers,2,0,1,0,3,HARPERS | Harpers
forest run,0,1,1,1,3,FOREST RUN | Forest Run
willow creek replat,1,1,1,0,3,WILLOW CREEK REPLAT | Willow Creek Replat
pike's first addition,0,0,2,1,3,PIKE'S FIRST ADDITION | Pike's First Addition
arlington,0,2,0,1,3,Arlington
woodstone ii,1,1,0,1,3,WOODSTONE II | Woodstone II
armbocks parkview estates,0,2,0,1,3,ARMBOCKS PARKVIEW ESTATES | Armbocks Parkview Estates | armbocks parkview estates
wilson,2,1,0,0,3,Wilson
west side addition,1,2,0,0,3,West Side Addition
hanson's lakes,1,0,0,2,3,HANSON'S LAKES | Hanson's Lakes
riverview homes,0,1,1,1,3,RIVERVIEW HOMES | Riverview Homes
cardinal heights,0,0,2,1,3,CARDINAL HEIGHTS | Cardinal Heights
burlwood estates,1,2,0,0,3,BURLWOOD ESTATES | Burlwood Estates
ames place,0,1,2,0,3,AMES PLACE | Ames Place
hargle road,2,0,1,0,3,Hargle Road
gables,0,1,1,1,3,Gables
four fountains replat i,1,0,1,1,3,FOUR FOUNTAINS REPLAT I | Four Fountains Replat I
electri-city,0,2,0,1,3,ELECTRI-CITY | Electri-City
fontenelle estates,1,1,0,1,3,FONTENELLE ESTATES | Fontenelle Estates
hawthorne subdivision,1,0,1,1,3,HAWTHORNE SUBDIVISION | Hawthorne Subdivision
woodlawn,2,1,0,0,3,WOODLAWN | Woodlawn
dolls place,0,0,2,1,3,Dolls Place
woodlands the,1,0,0,2,3,WOODLANDS THE | Woodlands The
heritage hills,1,1,1,0,3,Heritage Hills
woodland place,0,0,1,2,3,Woodland Place
harrison heights replat,1,0,1,1,3,HARRISON HEIGHTS REPLAT
fairacres terrace,1,0,0,2,3,Fairacres Terrace
harris & pattersons,0,1,0,2,3,HARRIS & PATTERSONS
waterloo-town of-,0,1,0,2,3,WATERLOO-TOWN OF-
harrison park west,1,0,1,1,3,HARRISON PARK  West | Harrison Park West
armourdale,1,1,0,1,3,ARMOURDALE | Armourdale
florentine condo,2,0,0,1,3,Florentine Condo
rees place,2,0,1,0,3,Rees Place
pilgrim's landing,1,0,2,0,3,Pilgrim's Landing
west dale,1,1,1,0,3,West Dale
windgate,2,1,0,0,3,WINDGATE | Windgate
richmond add,0,0,0,3,3,RICHMOND ADD | Richmond Add
windy heights,1,2,0,0,3,Windy Heights
west highlands,1,2,0,0,3,WEST HIGHLANDS | West Highlands | west highlands
hascalls add to okahoma,0,1,0,2,3,HASCALLS ADD TO OKAHOMA
brierwood,2,1,0,0,3,BRIERWOOD | Brierwood
riverview meadows,0,2,1,0,3,Riverview Meadows
dundee villas,1,0,1,1,3,Dundee Villas
windridge 2nd,2,1,0,0,3,WINDRIDGE 2ND | Windridge 2nd
glendale,1,2,0,0,3,GLENDALE | Glendale
gilmore heights,2,0,0,1,3,Gilmore Heights
grand villa of lavista,0,0,1,2,3,Grand Villa of LaVista | Grand Villa of Lavista
robin valley,1,1,0,1,3,ROBIN VALLEY | Robin Valley
whispering oaks,0,1,1,1,3,Whispering Oaks
antler country,0,1,0,2,3,ANTLER COUNTRY | Antler Country
ramble ridge,0,1,0,2,3,Ramble Ridge
rolling hills add,0,0,1,2,3,ROLLING HILLS ADD
gramercy park,1,0,0,2,3,Gramercy Park
golden hills v,0,2,0,1,3,GOLDEN HILLS V | Golden Hills V
whitehall condominium,0,0,2,1,3,WHITEHALL CONDOMINIUM | Whitehall Condominium
andrew & bensons add,0,1,1,1,3,ANDREW & BENSONS ADD
whitehall condo,0,2,1,0,3,Whitehall Condo
grandview add,0,0,1,2,3,GRANDVIEW ADD | Grandview Add
western trails 2,1,1,1,0,3,Western Trails 2
westside,2,0,0,1,3,WESTSIDE
westin hills west two,1,0,0,2,3,WESTIN HILLS WEST TWO | Westin Hills West Two
western hills villas,0,1,1,1,3,WESTERN HILLS VILLAS | Western Hills Villas
western,2,1,0,0,3,Western
grand villa of twin ridge ii condominium,1,1,0,1,3,GRAND VILLA OF TWIN RIDGE II CONDOMINIUM
posts,0,1,1,1,3,POSTS | Posts
elmwood,1,1,0,1,3,Elmwood
gregg road place,1,0,2,0,3,Gregg Road Place
westmont condominium,1,1,0,1,3,Westmont Condominium
granville,2,1,0,0,3,GRANVILLE | Granville
georgetowne replat ii,1,0,1,1,3,GEORGETOWNE REPLAT II
gerrard place,2,0,0,1,3,GERRARD PLACE | Gerrard Place
pullman place,1,1,0,1,3,Pullman Place
elk ridge estates,2,0,1,0,3,ELK RIDGE ESTATES | Elk Ridge Estates
hagedorns,0,1,2,0,3,HAGEDORNS
pruynes,0,2,1,0,3,Pruynes
evening vue,2,0,1,0,3,EVENING VUE | Evening Vue
west keystone,0,2,0,1,3,WEST KEYSTONE | West Keystone
pleasant homes,1,0,1,1,3,Pleasant Homes
fahs sub,1,1,0,1,3,FAHS SUB | Fahs Sub
westbrook addition,0,0,1,2,3,Westbrook Addition
wilcox 2nd add,2,0,1,0,3,WILCOX 2ND ADD | Wilcox 2nd Add
arbor place,1,1,0,1,3,ARBOR PLACE | Arbor Place
campbells,1,0,1,1,3,CAMPBELLS | Campbells
glenwood hills replat ii,1,0,0,2,3,GLENWOOD HILLS REPLAT II | Glenwood Hills Replat II
prairie village replat,1,1,0,1,3,PRAIRIE VILLAGE REPLAT
westchester add,0,0,1,2,3,WESTCHESTER ADD | Westchester Add
griffin & smiths,0,0,2,1,3,GRIFFIN & SMITHS | Griffin & Smiths
prairies the,0,0,1,2,3,PRAIRIES THE
gold coast,1,0,0,2,3,Gold Coast
robinson terrace,0,2,0,1,3,ROBINSON TERRACE | Robinson Terrace
westwood addition,1,2,0,0,3,Westwood Addition
quail ridge,1,0,1,1,3,QUAIL RIDGE | Quail Ridge
gunthers,1,0,1,1,3,Gunthers
arbor oaks replat one,1,0,1,1,3,ARBOR OAKS REPLAT ONE | Arbor Oaks Replat One
halycon heights,0,0,0,3,3,Halycon Heights
almyra place,1,0,0,2,3,ALMYRA PLACE | Almyra Place
regis residential,0,1,1,1,3,REGIS RESIDENTIAL | Regis Residential
riverchase,1,0,1,1,3,Riverchase
1210-1214 howard st-a condo-amended,0,2,1,0,3,1210-1214 HOWARD ST-A CONDO-AMENDED
renner gardens,1,2,0,0,3,RENNER GARDENS | Renner Gardens
walnut creek hills replat three,1,0,1,1,3,WALNUT CREEK HILLS REPLAT THREE | Walnut Creek Hills Replat Three
yossems paradise,1,0,2,0,3,Yossems Paradise
**,0,2,1,0,3,**
wood valley rep 2,0,1,1,1,3,WOOD VALLEY REP 2 | Wood Valley Rep 2
drews hill,2,0,0,1,3,DREWS HILL | Drews Hill
500 building condo property regime,0,2,0,1,3,500 Building Condo Property Regime
regency park vista,1,0,2,0,3,Regency Park  Vista | Regency Park Vista
wood valley rep 1,0,0,1,2,3,WOOD VALLEY REP 1 | Wood Valley Rep 1
river ranch,0,0,2,1,3,River Ranch
cattail creek replat one,0,1,0,2,3,CATTAIL CREEK REPLAT ONE | Cattail Creek Replat One
albright sub,3,0,0,0,3,ALBRIGHT SUB | Albright Sub
wynnewood 1st add,0,0,0,3,3,WYNNEWOOD 1ST ADD | Wynnewood 1st add
drexels,1,0,1,1,3,DREXELS | Drexels
winterburns,2,0,1,0,3,Winterburns
hickory hills ii,0,1,2,0,3,Hickory Hills II
cathedral square townhomes,1,1,1,0,3,Cathedral Square Townhomes
yorkshire hills add,0,2,0,1,3,YORKSHIRE HILLS ADD
farnam 1600 condo prop reg amendmen,0,0,2,1,3,FARNAM 1600 CONDO PROP REG AMENDMEN | Farnam 1600 Condo Prop Reg Amendmen
hickmans sub div,0,0,2,1,3,HICKMANS SUB DIV | Hickmans Sub Div
century heights,1,2,0,0,3,Century Heights
regis building,1,0,2,0,3,Regis Building
woodhaven meadows,0,1,1,1,3,Woodhaven Meadows
woodhaven replat 3,0,0,2,1,3,WOODHAVEN REPLAT 3 | Woodhaven Replat 3 | Woodhaven replat 3
godfreys,0,1,0,1,2,Godfreys
southern manor heights,0,1,1,0,2,Southern Manor Heights
glen oaks add,0,0,1,1,2,Glen Oaks Add
yorkshire hills 3rd add,1,0,1,0,2,Yorkshire Hills 3rd Add | Yorkshire Hills 3rd add
buller's first addition,0,0,1,1,2,BULLER'S FIRST ADDITION | Buller's First Addition
mount douglas 1st add,0,0,2,0,2,MOUNT DOUGLAS 1ST ADD
whitetail,2,0,0,0,2,Whitetail
skyline addition,0,1,0,1,2,Skyline Addition
southwoods ii,1,1,0,0,2,SOUTHWOODS II
whitehawk village,0,0,0,2,2,Whitehawk Village
belle lago south replat 2,0,0,1,1,2,BELLE LAGO SOUTH REPLAT 2 | Belle Lago South replat 2
tax lots to bellevue,0,0,1,1,2,Tax Lots to Bellevue
quail ridge on skyline,0,0,2,0,2,Quail Ridge on Skyline
westwood heights 12th add,0,0,1,1,2,WESTWOOD HEIGHTS 12TH ADD | Westwood Heights 12th Add
cimmaron woods,1,1,0,0,2,Cimmaron Woods
remco add,0,2,0,0,2,REMCO ADD | Remco Add
the cove of north shore,0,0,1,1,2,The Cove of North Shore
shelby place,2,0,0,0,2,Shelby Place | Shelby place
the brownstones on marcy,0,0,0,2,2,The Brownstones on Marcy
syndicate hill replat,0,1,1,0,2,Syndicate Hill Replat
childs estates acres,2,0,0,0,2,Childs Estates Acres
swanson towers,1,0,0,1,2,Swanson Towers
glenroy add,0,1,0,1,2,GLENROY ADD | Glenroy Add
sutton place,0,0,0,2,2,SUTTON PLACE | Sutton Place
sheltons,1,0,1,0,2,Sheltons
bellair replat,0,1,0,1,2,BELLAIR REPLAT | Bellair replat
offutt towers replat 5,0,1,1,0,2,OFFUTT TOWERS REPLAT 5
bellaire addition,0,0,1,1,2,Bellaire Addition
swanson towers condo,0,2,0,0,2,Swanson Towers Condo
mac aslans,1,1,0,0,2,Mac Aslans
reserve at schram point,1,1,0,0,2,Reserve at Schram Point
gayer addition,2,0,0,0,2,Gayer Addition
clin-mar estates,0,0,1,1,2,Clin-Mar Estates
maenner,0,2,0,0,2,Maenner
maenner & wilsons add,0,0,0,2,2,MAENNER & WILSONS ADD | Maenner & Wilsons ADD
gaviidae,1,1,0,0,2,GAVIIDAE | Gaviidae
anderson place,0,2,0,0,2,ANDERSON PLACE | Anderson Place
sunshine view 3rd add,0,1,0,1,2,SUNSHINE VIEW 3RD ADD | Sunshine View 3rd Add
belle meade condo,1,1,0,0,2,BELLE MEADE CONDO
woodbridge sub,0,1,0,1,2,WOODBRIDGE SUB | Woodbridge Sub
luna park,1,0,1,0,2,LUNA PARK | Luna Park
covells,0,0,1,1,2,COVELLS | Covells
southridge 3rd addition,0,0,0,2,2,SOUTHRIDGE 3RD ADDITION
georgetowne replat,0,1,0,1,2,Georgetowne Replat
oak heights addition,0,2,0,0,2,Oak Heights Addition
georgetown replat,0,0,0,2,2,GEORGETOWN REPLAT | Georgetown Replat
fox meadow,0,0,2,0,2,Fox Meadow
fowler addition,0,0,1,1,2,FOWLER ADDITION
bellevue bb1,0,1,1,0,2,BELLEVUE BB1
gifford park,0,0,0,2,2,Gifford Park
oak hills highlands condo,1,0,0,1,2,Oak Hills Highlands Condo
wynnewood 2nd add,1,0,1,0,2,Wynnewood 2nd Add
riverfront plaza condominium,0,2,0,0,2,Riverfront Plaza Condominium
terrace 83 townhomes,1,0,1,0,2,TERRACE 83 TOWNHOMES | Terrace 83 Townhomes
oak hills estates,1,1,0,0,2,OAK HILLS ESTATES | Oak Hills Estates
skylark,1,1,0,0,2,Skylark
skylark heights add,1,0,0,1,2,SKYLARK HEIGHTS ADD | Skylark Heights Add
ten square townhomes,0,0,2,0,2,TEN SQUARE TOWNHOMES | Ten Square Townhomes
norwick,1,0,0,1,2,NORWICK | Norwick
sunny slope 3rd add,1,0,0,1,2,Sunny Slope 3rd Add
brownstones on marcy condominiums,0,0,0,2,2,Brownstones on Marcy Condominiums
wilcox 2nd addition,0,1,1,0,2,Wilcox 2nd Addition
sunny slope 2nd platting,0,1,1,0,2,Sunny Slope 2nd Platting | Sunny Slope 2nd platting
sunrise add,0,1,0,1,2,SUNRISE ADD | Sunrise Add
loveland view,2,0,0,0,2,Loveland View
sunridge townhomes,0,0,0,2,2,SUNRIDGE TOWNHOMES | Sunridge Townhomes
sunridge replat one,0,0,0,2,2,SUNRIDGE REPLAT ONE
whitehall condominium prop regthe,0,0,1,1,2,Whitehall Condominium Prop Regthe
aloys acres,0,2,0,0,2,Aloys Acres
whitehall condominiums,0,0,2,0,2,Whitehall Condominiums
bloomfield hills 2nd platting,0,1,0,1,2,BLOOMFIELD HILLS 2ND PLATTING | Bloomfield Hills 2nd Platting
mitzlaff,0,1,0,1,2,MITZLAFF
westin hills west rep one,0,1,0,1,2,WESTIN HILLS WEST REP ONE | Westin Hills West Rep one
grand villa of twin ridge ii condominium property regime no. 2,0,0,2,0,2,GRAND VILLA OF TWIN RIDGE II CONDOMINIUM PROPERTY REGIME NO. 2
posts addition,0,1,1,0,2,POSTS ADDITION | Posts Addition
ak-sar-ben hill,1,0,0,1,2,AK-SAR-BEN HILL
westchester lane,1,0,0,1,2,Westchester Lane
ronson heights,0,1,1,0,2,Ronson Heights
monmouth,0,1,1,0,2,MONMOUTH | Monmouth
morningside add.,2,0,0,0,2,Morningside Add.
adams place,1,0,0,1,2,Adams Place
grandville east,0,1,0,1,2,Grandville East
westwood heights highland area,1,1,0,0,2,Westwood Heights Highland Area
linden place replat,0,0,0,2,2,LINDEN PLACE REPLAT
lindenwood replat,1,0,0,1,2,LINDENWOOD REPLAT | Lindenwood Replat
acre gardens,0,0,1,1,2,ACRE GARDENS | Acre Gardens
potter & cobbs 2nd add,0,0,1,1,2,POTTER & COBBS 2ND ADD
lindys,0,1,1,0,2,LINDYS | Lindys
shulls 2nd addition,0,0,1,1,2,Shulls 2nd Addition
becker & fredericks,0,2,0,0,2,BECKER & FREDERICKS | Becker & Fredericks
beadles sub,2,0,0,0,2,BEADLES SUB | Beadles Sub
beadles second addition,0,2,0,0,2,Beadles Second Addition
western trails 3,1,0,0,1,2,WESTERN TRAILS 3 | Western Trails 3
1101 jackson,1,1,0,0,2,1101 JACKSON | 1101 Jackson
lawndale addition,0,2,0,0,2,Lawndale Addition
lawre,0,0,0,2,2,Lawre
lawre add,0,2,0,0,2,LAWRE ADD | Lawre Add
ellistone park,0,1,1,0,2,ELLISTONE PARK | Ellistone Park
westmont condominium property regime,0,0,1,1,2,Westmont Condominium Property Regime
lienemann's,1,0,1,0,2,Lienemann's
olson's subdivision,1,0,1,0,2,Olson's Subdivision | Olson's subdivision
creighton's 1st add,0,2,0,0,2,Creighton's 1st Add
the townhomes of village,0,1,0,1,2,The Townhomes of Village
westmont condominium property regime no.,1,0,0,1,2,WESTMONT CONDOMINIUM PROPERTY REGIME NO.
southcrest,0,0,1,1,2,SouthCrest | Southcrest
ellis place,2,0,0,0,2,ELLIS PLACE | Ellis Place
elliott place,1,1,0,0,2,ELLIOTT PLACE | Elliott Place
elkhorn-crawford plat,1,0,1,0,2,Elkhorn-Crawford Plat
the thomsen mile west,0,1,0,1,2,THE THOMSEN MILE WEST | The Thomsen Mile West
levey's subdivision,0,2,0,0,2,LEVEY'S SUBDIVISION
levi carter sherman,0,2,0,0,2,Levi Carter Sherman
poppleton place,1,0,0,1,2,POPPLETON PLACE | Poppleton Place
robinson's lawnview,0,1,0,1,2,ROBINSON'S LAWNVIEW | Robinson's Lawnview
elmwood add,1,0,1,0,2,ELMWOOD ADD | Elmwood Add
montclair of westwood-south,2,0,0,0,2,Montclair of Westwood-South
aksarben hill,0,1,0,1,2,AKSARBEN HILL | Aksarben Hill
granada,1,0,0,1,2,Granada
long school addition,0,0,1,1,2,Long School Addition
gramercy park condo prop regime,1,0,0,1,2,Gramercy Park Condo Prop Regime
little prairie,0,0,1,1,2,LITTLE PRAIRIE | Little Prairie
calarosa east/vistancia,0,0,0,2,2,Calarosa East/Vistancia
llv,0,0,1,1,2,LLV
lockwood add,0,1,1,0,2,Lockwood Add
19th street lofts,0,1,0,1,2,19th Street Lofts
grand villa of la vista,1,1,0,0,2,Grand Villa of La Vista
linwood,0,2,0,0,2,Linwood
beadles addition,1,0,1,0,2,Beadles Addition
westwood heights 14th addition,1,0,0,1,2,Westwood Heights 14th Addition
southwind ii,1,0,0,1,2,Southwind II
rosehill,1,1,0,0,2,RoseHill | Rosehill
the rows at conventry,0,0,1,1,2,The Rows at Conventry
the ridges rep ii,0,0,0,2,2,THE RIDGES REP II | The Ridges Rep II
southridge 1st addition,0,1,1,0,2,Southridge 1st Addition
okahoma s e rogers,0,2,0,0,2,Okahoma S E Rogers
rose garden estate,0,0,0,2,2,Rose Garden Estate
okahoma -s e rogers,1,1,0,0,2,OKAHOMA -S E ROGERS
rose garden,2,0,0,0,2,Rose Garden
radford heights,1,0,1,0,2,RADFORD HEIGHTS | Radford Heights
beacon hill,0,1,1,0,2,Beacon Hill
rolling meadows,1,0,0,1,2,ROLLING MEADOWS | Rolling Meadows
oak tree acres,0,1,1,0,2,OAK TREE ACRES | Oak Tree Acres
crestwood addition,1,1,0,0,2,Crestwood Addition
spring ridge rep 1,0,0,2,0,2,SPRING RIDGE REP 1 | Spring Ridge Rep 1
golden mills,2,0,0,0,2,GOLDEN MILLS
crosskey villageeast,0,0,0,2,2,CROSSKEY VILLAGEEAST | Crosskey Villageeast
mose condominium regime,1,1,0,0,2,MOSE CONDOMINIUM REGIME | Mose Condominium Regime
the meadows replat v,0,0,0,2,2,THE MEADOWS REPLAT V | The Meadows Replat V
golden hills replat i,0,0,0,2,2,GOLDEN HILLS REPLAT I
lofts at soma,0,1,0,1,2,Lofts at SoMa
gold coast condos,0,0,0,2,2,Gold Coast Condos
mose condominium,2,0,0,0,2,MOSE CONDOMINIUM | Mose Condominium
creston add,0,1,0,1,2,Creston Add
montclair of westwood 2nd add,0,0,0,2,2,MONTCLAIR OF WESTWOOD 2ND ADD
gordon-del-replat,0,0,1,1,2,Gordon-Del-Replat
morton hilltop,1,0,0,1,2,Morton Hilltop
good luck,1,0,1,0,2,GOOD LUCK | Good Luck
the knolls townhomes,1,0,1,0,2,The Knolls Townhomes
the knolls 2nd,0,0,0,2,2,The Knolls 2nd
golfing green,0,0,0,2,2,GOLFING GREEN | Golfing Green
gold meadows,0,0,1,1,2,GOLD MEADOWS | Gold Meadows
city of ralston,0,1,0,1,2,City Of Ralston | City of Ralston
redmans sub div,0,1,1,0,2,REDMANS SUB DIV
birkhauser & blumers,1,1,0,0,2,BIRKHAUSER & BLUMERS
meanner-south,1,0,1,0,2,MEANNER-SOUTH | Meanner-South
springdale,0,1,0,1,2,SPRINGDALE
meadow oaks south,1,0,0,1,2,Meadow Oaks South
meadow ridge north,0,0,1,1,2,MEADOW RIDGE NORTH
reeds 3rd add,0,1,0,1,2,REEDS 3RD ADD
richland acres,1,1,0,0,2,Richland Acres
flors,0,1,0,1,2,Flors
malloy,0,0,1,1,2,MALLOY | Malloy
falcon forrest,1,0,0,1,2,Falcon Forrest
windgate ranch two / windgate ranch ii,0,1,0,1,2,Windgate Ranch two / Windgate Ranch II
blodgett & krajacics add,0,0,0,2,2,Blodgett & Krajacics ADD | Blodgett & Krajacics Add
blodgett & krajacics 2nd,0,0,1,1,2,BLODGETT & KRAJACICS 2ND | Blodgett & Krajacics 2nd
millard highlands south replat iv,0,1,1,0,2,MILLARD HIGHLANDS SOUTH REPLAT IV
millard highlands south replat ii,2,0,0,0,2,Millard Highlands South Replat II
millard highlands south replat,1,0,1,0,2,MILLARD HIGHLANDS SOUTH REPLAT
muller,2,0,0,0,2,Muller
stone creek rep 1,1,0,0,1,2,STONE CREEK REP 1 | Stone Creek Rep 1
mullens add,0,2,0,0,2,Mullens Add
murphy's addition,1,0,1,0,2,Murphy's Addition
maynes add,0,0,2,0,2,MAYNES ADD | Maynes Add
william & mary add,0,1,1,0,2,WILLIAM & MARY ADD | William & Mary Add
roanoke addition,0,1,0,1,2,Roanoke Addition
mayfield,1,1,0,0,2,Mayfield
winterburn 4th add,0,0,1,1,2,WINTERBURN 4TH ADD | Winterburn 4th Add
spruce 180 / spruce abbey,0,0,0,2,2,Spruce 180 / Spruce Abbey
florence field replat,0,0,1,1,2,FLORENCE FIELD REPLAT | Florence field replat
south hill rows,1,0,0,1,2,South Hill Rows
regency 3rd add,0,1,0,1,2,REGENCY 3RD ADD | Regency 3rd Add
regency 4th add,0,1,1,0,2,REGENCY 4TH ADD | Regency 4th Add
farber's second addition,1,0,0,1,2,FARBER'S SECOND ADDITION | Farber's Second Addition
millard heights add,0,1,1,0,2,MILLARD HEIGHTS ADD | Millard Heights Add
niver replat,0,1,1,0,2,Niver Replat
mayfair 2nd add,0,0,1,1,2,Mayfair 2nd Add
redicks-clark,1,1,0,0,2,REDICKS-CLARK | Redicks-Clark
mill park estates,0,0,1,1,2,Mill Park Estates
south omaha park,0,1,1,0,2,SOUTH OMAHA PARK | South Omaha Park
meinershagen,1,0,1,0,2,MEINERSHAGEN | Meinershagen
windsor place condo,0,1,1,0,2,WINDSOR PLACE CONDO | Windsor Place Condo
south park,0,1,1,0,2,SOUTH PARK | South Park
millard highlands so,1,0,1,0,2,Millard Highlands So
millard highlands replat ii,1,0,0,1,2,MILLARD HIGHLANDS REPLAT II | Millard Highlands Replat II
31 mason east 1,0,0,2,0,2,31 MASON EAST 1
wright place,1,0,0,1,2,Wright Place
fairway pointe,0,1,0,1,2,Fairway Pointe
riverchase replat one,1,1,0,0,2,RIVERCHASE REPLAT ONE | Riverchase Replat One
standing bear lake,0,1,0,1,2,Standing Bear Lake
mile crest,0,1,1,0,2,MILE CREST | Mile Crest
bonfield add,0,1,0,1,2,BONFIELD ADD | Bonfield Add
middletown,1,0,1,0,2,MIDDLETOWN | Middletown
coronado condominiums,0,0,1,1,2,Coronado Condominiums
middletown addition,1,1,0,0,2,MIDDLETOWN ADDITION | Middletown Addition
midtown crossing building,1,0,0,1,2,Midtown Crossing Building
stockmans hollow replat one,1,1,0,0,2,Stockmans Hollow Replat One
birchwood estates,0,0,1,1,2,Birchwood Estates
coronado property regime,0,1,0,1,2,Coronado Property Regime | Coronado Property regime
woods place,1,0,0,1,2,Woods Place
corrigan,1,0,1,0,2,CORRIGAN | Corrigan
new horizons add,0,0,1,1,2,NEW HORIZONS ADD
fern lake estates,0,0,2,0,2,Fern Lake Estates
cote brilliante,0,0,2,0,2,COTE BRILLIANTE
stewart place,0,2,0,0,2,STEWART PLACE | Stewart Place
steven terrace,0,2,0,0,2,STEVEN TERRACE | Steven Terrace
cormacis add,0,0,0,2,2,CORMACIS ADD | cormacis add
field club terrace,0,0,2,0,2,Field Club Terrace
south crest,0,0,0,2,2,SOUTH CREST | South Crest
redfields,0,1,0,1,2,Redfields
stockman's hollow,1,0,0,1,2,Stockman's Hollow | Stockman's hollow
stirling add,0,0,0,2,2,STIRLING ADD
copper ridge condo,0,1,1,0,2,Copper Ridge Condo
stirling,0,1,1,0,2,STIRLING | Stirling
fairacres condo property regime,0,0,1,1,2,Fairacres Condo Property Regime
merwalds,1,1,0,0,2,Merwalds
murrays kayden valley,0,0,1,1,2,MURRAYS KAYDEN VALLEY
fair ridge,0,0,1,1,2,Fair Ridge
fawn heights,0,1,0,1,2,FAWN HEIGHTS | Fawn Heights
murphys add,0,0,1,1,2,Murphys Add
st marys,0,1,0,1,2,ST MARYS | St Marys
merryweather,1,0,0,1,2,Merryweather
fairmount place,0,2,0,0,2,FAIRMOUNT PLACE | Fairmount Place
spruce ridges,2,0,0,0,2,Spruce Ridges
na,2,0,0,0,2,na
reservoir sub,0,1,1,0,2,RESERVOIR SUB | Reservoir Sub
spruce ridge/blondo ridges,1,0,1,0,2,Spruce Ridge/Blondo Ridges
ridges the rep ii,0,0,1,1,2,RIDGES THE REP II | Ridges The Rep II
standing bear west replat one,0,1,0,1,2,Standing Bear West Replat One
woodland oaks,0,1,1,0,2,Woodland Oaks
bowers addition,0,2,0,0,2,Bowers Addition
anchor pointe phase 3,1,1,0,0,2,Anchor Pointe Phase 3
wilson & mossmans,1,1,0,0,2,WILSON & MOSSMANS | Wilson & Mossmans
camenzind heights 2nd add,2,0,0,0,2,CAMENZIND HEIGHTS 2ND ADD
clarks st marys ave,0,2,0,0,2,CLARKS ST MARYS AVE
cotton-wood 2nd addition,1,0,1,0,2,COTTON-WOOD 2ND ADDITION | Cotton-Wood 2nd Addition
cotton-wood 4th addition,0,0,0,2,2,COTTON-WOOD 4TH ADDITION | Cotton-Wood 4th Addition
sun ridge,0,2,0,0,2,SUN RIDGE | Sun Ridge
north streams ruscello,0,0,1,1,2,North Streams Ruscello
southern view 2nd platting,0,0,1,1,2,SOUTHERN VIEW 2ND PLATTING
gacr,0,0,0,2,2,GACR
nicholsons,1,0,0,1,2,NICHOLSONS | Nicholsons
stratford west,0,0,0,2,2,STRATFORD WEST
erway & nelsons 2nd add,0,0,0,2,2,ERWAY & NELSONS 2ND ADD
solomans add,0,2,0,0,2,Solomans Add
marshs,1,1,0,0,2,Marshs
maple village replat,0,0,2,0,2,MAPLE VILLAGE REPLAT
wood creek rep one,0,0,0,2,2,WOOD CREEK REP ONE
maple village replat ii,1,1,0,0,2,MAPLE VILLAGE REPLAT II | Maple Village Replat II
maple village replat nine,0,0,0,2,2,MAPLE VILLAGE REPLAT NINE
suhls acres,1,0,1,0,2,SUHLS ACRES | suhls acres
calarosa / vistancia calarosa vistancia vistancia / calarosa,0,0,1,1,2,Calarosa / Vistancia Calarosa  Vistancia Vistancia / Calarosa
rambleridge rep 111,0,0,0,2,2,RAMBLERIDGE REP 111
courtyard on park community,1,1,0,0,2,COURTYARD ON PARK COMMUNITY
courtyard on park community condo,0,1,0,1,2,Courtyard On Park Community Condo | Courtyard on Park Community Condo
summitt ridge,1,0,1,0,2,Summitt Ridge
o'neill place,0,1,0,1,2,O'Neill Place
four seasons linden estates,2,0,0,0,2,Four Seasons Linden Estates
wise & parmeles,1,1,0,0,2,WISE & PARMELES
silver creek estates,0,1,1,0,2,SILVER CREEK ESTATES | Silver Creek Estates
manchester,1,1,0,0,2,Manchester
silver oak estates,0,0,1,1,2,Silver Oak Estates
bellevue olde towne,0,1,0,1,2,Bellevue Olde Towne
north shore 3,1,0,0,1,2,North Shore 3
spruce abbey spruce 180,1,1,0,0,2,SPRUCE ABBEY  SPRUCE 180 | Spruce Abbey Spruce 180
majestic pointe two,0,2,0,0,2,MAJESTIC POINTE TWO
spruce abbey/180,0,1,1,0,2,Spruce Abbey/180
spruce abbey/spruce 180/blondo ridges,0,0,2,0,2,Spruce Abbey/Spruce 180/Blondo Ridges
miracle hills townhomes,0,1,0,1,2,Miracle Hills Townhomes
miracle hills park,0,0,2,0,2,Miracle Hills Park
anchor point,1,0,0,1,2,Anchor Point
maennersouth add,0,0,0,2,2,MAENNERSOUTH ADD | Maennersouth Add
belvedere vista,1,0,1,0,2,BELVEDERE VISTA
belvedere park,1,1,0,0,2,BELVEDERE PARK | Belvedere Park
fox run,2,0,0,0,2,FOX RUN | Fox Run
soma lofts,1,1,0,0,2,SOMA LOFTS | SOMA Lofts
summerhill farm,2,0,0,0,2,Summerhill Farm
willow creek replat i,0,2,0,0,2,WILLOW CREEK REPLAT I
northridge estates replat two,0,0,1,1,2,NORTHRIDGE ESTATES REPLAT TWO
forest hill,0,0,1,1,2,Forest Hill
country club acres,1,0,1,0,2,Country Club Acres
northfield add,1,0,0,1,2,NORTHFIELD ADD | Northfield Add
newport landing,1,0,0,1,2,NEWPORT LANDING | Newport Landing
forest heights,0,0,1,1,2,FOREST HEIGHTS | Forest Heights
forest glen,0,0,2,0,2,Forest Glen
maynes add to orchard hill,0,2,0,0,2,Maynes ADD to Orchard Hill
suburban home add,1,1,0,0,2,Suburban Home Add
colliers place,0,2,0,0,2,COLLIERS PLACE
newport,1,1,0,0,2,Newport
mccandlish place,0,2,0,0,2,McCandlish Place
blondo ridges spruce ridge,2,0,0,0,2,BLONDO RIDGES  SPRUCE RIDGE
31 mason southwest replat 1,0,0,1,1,2,31 MASON SOUTHWEST REPLAT 1 | 31 Mason Southwest Replat 1
replat childs estate acres,0,2,0,0,2,REPLAT CHILDS ESTATE ACRES
spruce 180 (spruce abbey),1,0,0,1,2,Spruce 180 (Spruce Abbey)
calarosa/vistancia calarosa vistancia vistancia/calarosa,0,0,0,2,2,Calarosa/Vistancia Calarosa  Vistancia Vistancia/Calarosa
smithfield add,1,0,1,0,2,SMITHFIELD ADD | Smithfield Add
nielsens,2,0,0,0,2,NIELSENS
springfield heights,1,0,0,1,2,SPRINGFIELD HEIGHTS | Springfield Heights
maple crest,1,0,0,1,2,Maple Crest
smiths -e v- add,0,0,1,1,2,SMITHS -E V- ADD
maple crest condominium prop regime,0,0,0,2,2,MAPLE CREST CONDOMINIUM PROP REGIME | Maple Crest Condominium Prop Regime
northampton court townhome condos,0,0,2,0,2,Northampton Court Townhome Condos
california,0,1,1,0,2,California
equestrian ridge estates,0,1,0,1,2,Equestrian Ridge Estates
wood valley (lts 352-473),0,0,1,1,2,WOOD VALLEY (LTS 352-473)
mathews sub,1,0,1,0,2,Mathews Sub
wilson & johnson,1,0,0,1,2,WILSON & JOHNSON
summer farm hill,0,0,2,0,2,Summer Farm Hill
33 mason north replat 1,0,0,0,2,2,33 MASON NORTH REPLAT 1 | 33 Mason North Replat 1
fontenelle addition,2,0,0,0,2,FONTENELLE ADDITION | Fontenelle Addition
martindale,1,0,0,1,2,MARTINDALE | Martindale
forbes sub sw 1/4 34-16-13,0,0,1,1,2,FORBES SUB SW 1/4 34-16-13
mission park 2nd,2,0,0,0,2,Mission Park 2nd
forbes sub,1,0,1,0,2,FORBES SUB | Forbes Sub
summit addition,1,0,0,1,2,Summit Addition
fontenelle view two,0,0,0,2,2,FONTENELLE VIEW TWO | Fontenelle View Two
country club hills,2,0,0,0,2,Country Club Hills
southern valley addition,0,0,1,1,2,SOUTHERN VALLEY ADDITION | Southern Valley Addition
willis park place,0,0,1,1,2,WILLIS PARK PLACE | Willis Park Place
farnam 1600 condo,0,1,0,1,2,Farnam 1600 Condo | Farnam 1600 condo
spruce 180/spruce abbey,0,1,1,0,2,Spruce 180/Spruce Abbey
patterson heights,0,0,0,2,2,PATTERSON HEIGHTS | Patterson Heights
bakers place,1,1,0,0,2,Bakers Place
bakers add,1,0,0,1,2,Bakers Add
edgewater estates,1,0,1,0,2,Edgewater Estates
dillions fairacres,0,1,0,1,2,DILLIONS FAIRACRES | Dillions Fairacres
dillon,0,0,0,2,2,Dillon
rosemont,0,1,0,1,2,Rosemont
dewey place,1,0,0,1,2,DEWEY PLACE | Dewey Place
cedar side,1,0,0,1,2,Cedar Side
dickinson's landing,1,1,0,0,2,Dickinson's Landing
tukeys heights,0,2,0,0,2,Tukeys Heights
chalco,0,0,1,1,2,CHALCO | Chalco
moore's 2nd addition,0,0,0,2,2,MOORE'S 2ND ADDITION | Moore's 2nd Addition
brookefield,0,1,0,1,2,Brookefield
harmons,0,0,2,0,2,Harmons
jizba heidkamp,1,0,1,0,2,JIZBA HEIDKAMP | Jizba Heidkamp
jizba heidkamp add,0,1,1,0,2,JIZBA HEIDKAMP ADD
pleasure lakes,0,0,2,0,2,PLEASURE LAKES | Pleasure Lakes
plum creek second platting,0,0,0,2,2,PLUM CREEK SECOND PLATTING
hansens idledale,0,0,2,0,2,HANSENS IDLEDALE | Hansens Idledale
twin tower condominium,1,0,0,1,2,Twin Tower Condominium
armbrust acres 1st addition,0,1,1,0,2,ARMBRUST ACRES 1ST ADDITION | Armbrust Acres 1st Addition
cedar island acres,2,0,0,0,2,CEDAR ISLAND ACRES | Cedar Island Acres
safford place,2,0,0,0,2,Safford Place
waverly replat,0,0,0,2,2,WAVERLY REPLAT | Waverly Replat
hascall & rogers sub div lot 7 block 0 s 48 e 50 ft lt 6 & s 48 ft 48,1,0,0,1,2,HASCALL & ROGERS SUB DIV LOT 7 BLOCK 0 S 48 E 50 FT LT 6 & S 48 FT 48
parkvale lot 1 block 2 40 x 136,0,1,0,1,2,PARKVALE LOT 1 BLOCK 2 40 x 136
denman place,0,2,0,0,2,DENMAN PLACE | Denman Place
harvest heights of waterloo,0,1,0,1,2,HARVEST HEIGHTS OF WATERLOO
harvest creek,0,0,0,2,2,HARVEST CREEK
pine ridge add,0,0,0,2,2,PINE RIDGE ADD | Pine Ridge Add
hascalls sub div sec 05-14-13,0,0,1,1,2,HASCALLS SUB DIV SEC 05-14-13 | Hascalls Sub Div Sec 05-14-13
indian creek landings 2 replat,2,0,0,0,2,INDIAN CREEK LANDINGS 2 REPLAT
indian hills villas,1,0,0,1,2,INDIAN HILLS VILLAS | Indian Hills Villas
jensen's 3rd add,0,0,0,2,2,Jensen's 3rd Add
pinetree,0,0,1,1,2,Pinetree
schulls,0,0,1,1,2,Schulls
pattersons sub div,1,1,0,0,2,PATTERSONS SUB DIV | Pattersons Sub Div
b20 groves subdivision,1,1,0,0,2,B20 Groves Subdivision
dunsany flats condos,0,0,2,0,2,Dunsany Flats Condos
b & k replat,1,1,0,0,2,B & K Replat
indian creek landing ii,0,1,0,1,2,Indian Creek Landing II
edgemoor add,0,0,0,2,2,EDGEMOOR ADD
east side addition,0,1,1,0,2,East Side Addition
pattersons 1st add to,0,0,1,1,2,PATTERSONS 1ST ADD TO
bancroft place,2,0,0,0,2,Bancroft Place
eagle run villas,0,1,0,1,2,Eagle Run Villas
karrington lane,1,0,1,0,2,Karrington Lane
campbells addition,1,0,1,0,2,Campbells Addition
park hills add,1,0,0,1,2,Park Hills Add
kings,1,0,0,1,2,Kings
kingsbury hills replat one,0,0,2,0,2,KINGSBURY HILLS REPLAT ONE | Kingsbury Hills Replat One
kingswood estate,0,0,1,1,2,Kingswood Estate
eleanor place,0,0,2,0,2,ELEANOR PLACE | Eleanor Place
savanah shores,0,2,0,0,2,Savanah Shores
barton place,1,0,1,0,2,Barton Place
bartletts add,0,1,1,0,2,BARTLETTS ADD | Bartletts Add
west highlands addition,1,0,0,1,2,West Highlands Addition
twin river vista,0,1,1,0,2,TWIN RIVER VISTA | Twin River Vista
schwalbs 2nd add,1,1,0,0,2,Schwalbs 2nd ADD
pacific hills,2,0,0,0,2,Pacific Hills
deer creek highlands north,0,2,0,0,2,Deer Creek Highlands North
pacific heights replat iv,1,0,0,1,2,PACIFIC HEIGHTS REPLAT IV
schwalbs 7th add,0,1,0,1,2,SCHWALBS 7TH ADD | Schwalbs 7th Add
elk ridge lot 5 block 0 irreg,0,1,1,0,2,ELK RIDGE LOT 5 BLOCK 0 IRREG
west horizons,1,1,0,0,2,WEST HORIZONS | West Horizons
roxbury addition,0,0,1,1,2,Roxbury Addition
pacific gables rowhouses,1,1,0,0,2,Pacific Gables Rowhouses
dee's addition to south omaha,0,0,1,1,2,DEE'S ADDITION TO SOUTH OMAHA | Dee's Addition to South Omaha
camenzind highland 2nd addition,0,0,1,1,2,Camenzind Highland 2nd Addition
deer creek condominium,0,0,2,0,2,DEER CREEK CONDOMINIUM | Deer Creek Condominium
hansens blvd,0,0,2,0,2,Hansens Blvd
hansens addition,1,1,0,0,2,Hansens Addition
jensens,2,0,0,0,2,JENSENS
schaefer addition,1,0,1,0,2,SCHAEFER ADDITION | Schaefer Addition
two springs replat ii,0,2,0,0,2,Two Springs Replat II | Two springs Replat II
jershins,0,2,0,0,2,JERSHINS | Jershins
papillion heights,0,0,1,1,2,PAPILLION HEIGHTS
jetters add,0,0,1,1,2,JETTERS ADD | Jetters Add
schanbacher terrace,1,0,0,1,2,Schanbacher Terrace
twinridge addition,1,0,0,1,2,Twinridge Addition
champions meadowview,0,0,0,2,2,CHAMPIONS MEADOWVIEW | Champions Meadowview
park hills addition,0,1,0,1,2,Park Hills Addition
briwood estates,0,1,0,1,2,Briwood Estates
deauville condo property regime,0,0,0,2,2,Deauville Condo Property Regime
brighton square,0,2,0,0,2,Brighton Square
anthis,1,0,0,1,2,Anthis
underwood park 3rd add,0,1,0,1,2,UNDERWOOD PARK 3RD ADD | Underwood Park 3rd Add
hargleroads - military,0,0,1,1,2,HARGLEROADS - MILITARY | Hargleroads - Military
park townhouses condo regime,1,1,0,0,2,Park Townhouses Condo Regime
west rockbrook add,1,1,0,0,2,WEST ROCKBROOK ADD | West Rockbrook Add
hargleroad addition,1,0,0,1,2,Hargleroad Addition
west side 2nd add,0,0,2,0,2,WEST SIDE 2ND ADD
carter park,0,0,1,1,2,CARTER PARK
kiltera villas waterford,1,0,0,1,2,Kiltera Villas Waterford
hillside reserve,0,2,0,0,2,HILLSIDE RESERVE | Hillside Reserve
dross & wilsons,1,0,1,0,2,Dross & Wilsons
hilltop add,0,0,0,2,2,HILLTOP ADD
w wood hts highland area 13th add,0,0,2,0,2,W WOOD HTS HIGHLAND AREA 13TH ADD
w wood hts highland,0,0,0,2,2,W WOOD HTS HIGHLAND | W Wood Hts Highland
w wood heights,0,2,0,0,2,W Wood Heights
hillside add,1,1,0,0,2,Hillside Add
wallace place,1,0,1,0,2,WALLACE PLACE
walk-a-pony,1,1,0,0,2,Walk-A-Pony | Walk-a-Pony
hillsborough northeast,0,0,0,2,2,HILLSBOROUGH NORTHEAST | Hillsborough Northeast
housel & stebbins,1,0,1,0,2,HOUSEL & STEBBINS | Housel & Stebbins
high point place,1,0,1,0,2,High Point Place
high point,0,2,0,0,2,High Point
dillons 4th ad,0,0,2,0,2,DILLONS 4TH AD | Dillons 4th Ad
saunders & himebaugh highland,0,0,1,1,2,SAUNDERS & HIMEBAUGH HIGHLAND
w. johnston commons,0,0,1,1,2,W. Johnston Commons
high meadow,1,0,1,0,2,High Meadow
villas by the creekside,2,0,0,0,2,Villas by the Creekside
hoins addition,0,1,1,0,2,Hoins Addition
hidden valley ranches,0,0,0,2,2,HIDDEN VALLEY RANCHES | Hidden Valley Ranches
hidden ridge,1,0,0,1,2,Hidden Ridge
dillons 10th addition,0,1,0,1,2,Dillons 10th Addition
walnut grove hillside,1,0,1,0,2,Walnut Grove Hillside
walnut ridge hilltop,1,1,0,0,2,Walnut Ridge Hilltop
petersens prospect hill,0,1,1,0,2,PETERSENS PROSPECT HILL | Petersens Prospect Hill
hillcrest add to so omaha,0,0,0,2,2,Hillcrest Add to So Omaha
highview addition to springfiled,0,0,2,0,2,HIGHVIEW ADDITION TO SPRINGFILED
hill residential condominiums,0,0,2,0,2,HILL RESIDENTIAL CONDOMINIUMS | Hill Residential Condominiums
drexel addition,1,0,0,1,2,Drexel Addition
water's addition,0,1,0,1,2,WATER'S ADDITION
rush & selbys add,1,1,0,0,2,RUSH & SELBYS ADD | Rush & Selbys Add
highlands,0,1,0,1,2,Highlands
ashford hollow north replat two,0,1,0,1,2,ASHFORD HOLLOW NORTH REPLAT TWO
highlands replat,0,1,0,1,2,Highlands Replat
cattail creek rep 3*,0,0,0,2,2,CATTAIL CREEK REP 3*
ashford hollow north,0,0,0,2,2,Ashford Hollow North
douglas,0,1,1,0,2,Douglas
ashbury hills replat one,0,1,0,1,2,ASHBURY HILLS REPLAT ONE
roycroft,1,0,1,0,2,Roycroft
phillips,1,0,1,0,2,Phillips
cattail creek rep 2,0,0,2,0,2,CATTAIL CREEK REP 2 | Cattail Creek REP 2
druid hill 1st add,1,0,0,1,2,DRUID HILL 1ST ADD
aspen creek north phase 2,0,2,0,0,2,Aspen Creek North Phase 2
aspen creek north 2,0,0,1,1,2,Aspen Creek North 2
phelans,0,1,1,0,2,PHELANS | Phelans
roycroft at dundee the condo reg,1,0,1,0,2,ROYCROFT AT DUNDEE THE CONDO REG
catalpa place,1,0,1,0,2,Catalpa Place
dillons 8th add,0,0,2,0,2,DILLONS 8TH ADD
wears sunny view add,0,0,0,2,2,WEARS SUNNY VIEW ADD | Wears Sunny View Add
hibbard place,0,2,0,0,2,HIBBARD PLACE
salings addition to elkhorn,1,0,1,0,2,Salings Addition to Elkhorn | Salings addition to Elkhorn
dinovo crossing,0,1,1,0,2,DINOVO CROSSING | Dinovo Crossing
pinewood add,1,0,1,0,2,PINEWOOD ADD
harris & pattersons annex,0,1,0,1,2,HARRIS & PATTERSONS ANNEX | Harris & Pattersons Annex
iler addition,0,0,2,0,2,ILER ADDITION | Iler Addition
s & s's harvest hill,2,0,0,0,2,S & S'S HARVEST HILL | S & S's Harvest Hill
park wild,0,2,0,0,2,Park Wild
huntington park replat 2,1,0,1,0,2,HUNTINGTON PARK REPLAT 2
casita villa,0,1,0,1,2,CASITA VILLA | Casita Villa
waverly,1,1,0,0,2,Waverly
howard street condominiums,1,0,1,0,2,Howard Street Condominiums
hartford place,1,1,0,0,2,HARTFORD PLACE | Hartford Place
humbolt place,2,0,0,0,2,HUMBOLT PLACE | Humbolt Place
hummingbird hills,0,0,2,0,2,Hummingbird Hills
hunter's crossing,0,0,1,1,2,Hunter's Crossing
village falcon ridge,1,1,0,0,2,Village Falcon Ridge
hunters creek,0,0,1,1,2,HUNTERS CREEK | Hunters Creek
saddle hills addition,0,0,0,2,2,Saddle Hills Addition
harrison park village,0,1,0,1,2,Harrison Park Village
village at falcon ridge condo prop,2,0,0,0,2,VILLAGE AT FALCON RIDGE CONDO PROP | Village At Falcon Ridge Condo Prop
pikes first addition,1,1,0,0,2,Pikes First Addition
castle heights,2,0,0,0,2,Castle Heights
vistancia / calarosa east calarosa east / vistancia,0,1,1,0,2,VISTANCIA / CALAROSA EAST CALAROSA EAST / VISTANCIA
saratoga place,2,0,0,0,2,Saratoga Place
peters,2,0,0,0,2,PETERS | Peters
west bay woods ii,0,2,0,0,2,West Bay Woods II
hauptmans acres,1,0,0,1,2,Hauptmans Acres
villas of linden estates,0,1,0,1,2,Villas of Linden Estates
persons & berrys add,2,0,0,0,2,Persons & Berrys Add
vistancia/calarosa east,0,0,0,2,2,Vistancia/Calarosa East
vistancia/ calarosa/ calarosa east,0,2,0,0,2,Vistancia/ Calarosa/ Calarosa East
hastings and heydens,0,2,0,0,2,Hastings and Heydens
pinewood 2nd add,1,0,0,1,2,PINEWOOD 2ND ADD
homestead acres,1,1,0,0,2,HOMESTEAD ACRES | Homestead Acres
homestead add.,1,1,0,0,2,Homestead ADD.
hastings and hayden 2,0,0,1,1,2,Hastings and Hayden 2
piper's glen,0,0,2,0,2,Piper's Glen
rusharts,1,0,1,0,2,Rusharts
rushart's addition,0,1,1,0,2,Rushart's Addition
pleasant hill,0,0,2,0,2,PLEASANT HILL | Pleasant Hill
homes at river road 1st add,0,0,0,2,2,HOMES AT RIVER ROAD 1ST ADD | Homes at River Road 1st Add
armstrongs 2nd add,2,0,0,0,2,ARMSTRONGS 2ND ADD
wedgewood townhomes,0,0,0,2,2,Wedgewood Townhomes | Wedgewood townhomes
dodges sub,2,0,0,0,2,DODGES SUB | Dodges Sub
homesite addition,1,0,1,0,2,Homesite Addition
westridge replat,1,0,1,0,2,Westridge Replat
cryer crest townhomes,0,1,0,1,2,CRYER CREST TOWNHOMES | Cryer Crest Townhomes
orchard place 1st add,0,2,0,0,2,ORCHARD PLACE 1ST ADD
grove the lots 334 thru 668,2,0,0,0,2,GROVE THE LOTS 334 THRU 668
arbor ridge 2nd add,0,1,1,0,2,Arbor Ridge 2nd Add
shadow view 2,0,0,0,2,2,Shadow View 2
crown ridge,1,0,0,1,2,Crown Ridge
el dorado,1,0,1,0,2,El Dorado
lakeside hills,0,0,1,1,2,Lakeside Hills
shadow view 2nd addition,1,0,1,0,2,Shadow View 2nd Addition
lakes,1,0,1,0,2,Lakes
lakeview heights 1st add,0,0,1,1,2,LAKEVIEW HEIGHTS 1ST ADD
leawood oaks 3,0,1,0,1,2,Leawood Oaks 3
charles place ii,1,0,1,0,2,CHARLES PLACE II | Charles Place II
grenville place,2,0,0,0,2,Grenville Place
eiseles,1,0,0,1,2,EISELES | Eiseles
timber shores,0,1,1,0,2,Timber Shores
lakeview heights 1st addition,0,1,0,1,2,LAKEVIEW HEIGHTS 1ST ADDITION | Lakeview Heights 1st Addition
lamps keystone,0,1,0,1,2,LAMPS KEYSTONE | Lamps Keystone
brevoort place,0,0,1,1,2,BREVOORT PLACE
grove add,0,0,1,1,2,GROVE ADD | Grove Add
lakeview replat 1,1,1,0,0,2,LAKEVIEW REPLAT 1 | Lakeview Replat 1
shadowbrook replat,1,0,1,0,2,SHADOWBROOK REPLAT | Shadowbrook Replat
brennan place,0,2,0,0,2,BRENNAN PLACE
davis first,0,2,0,0,2,DAVIS FIRST | Davis First
trail side acres,1,0,1,0,2,Trail Side Acres
grover gallery,0,1,1,0,2,Grover Gallery
chaput terrace,0,0,1,1,2,CHAPUT TERRACE | Chaput Terrace
green briar,1,1,0,0,2,Green Briar
shady lane add,0,1,0,1,2,Shady Lane ADD | Shady Lane Add
shallcross hills,1,1,0,0,2,SHALLCROSS HILLS | Shallcross Hills
prairie park,0,0,0,2,2,PRAIRIE PARK | Prairie Park
shannon hills,1,1,0,0,2,Shannon Hills
pacific springs villas west,0,0,1,1,2,PACIFIC SPRINGS VILLAS WEST | Pacific Springs Villas West
westmont replat iii,0,1,0,1,2,WESTMONT REPLAT III
kroegers add lot 8 block 1 72 x 140,0,0,1,1,2,KROEGERS ADD LOT 8 BLOCK 1 72 X 140
treehouse,1,1,0,0,2,Treehouse
bedford park,0,1,1,0,2,Bedford Park
lake view 1st add,0,0,1,1,2,LAKE VIEW 1ST ADD | Lake View 1st Add
laurelton add,0,1,1,0,2,LAURELTON ADD
kountzes,1,0,1,0,2,Kountzes
pratts sub div,0,0,0,2,2,PRATTS SUB DIV | Pratts Sub Div
pacific street west,1,0,1,0,2,Pacific Street West
graves park,0,1,1,0,2,GRAVES PARK | Graves Park
grayhawk two 99 thru 205,1,0,1,0,2,GRAYHAWK TWO 99 THRU 205 | Grayhawk Two 99 Thru 205
tipton place,1,0,0,1,2,Tipton Place
tipton place supplementary add,0,0,1,1,2,TIPTON PLACE SUPPLEMENTARY ADD
cherry ridge rep ii,0,0,0,2,2,CHERRY RIDGE REP II
banses,0,1,1,0,2,BANSES | Banses
bedford add,0,0,1,1,2,BEDFORD ADD | Bedford Add
pacific street west rep 1,0,0,1,1,2,Pacific Street West Rep 1
greenlea add,0,0,1,1,2,GREENLEA ADD | Greenlea Add
gruenig add,1,0,0,1,2,GRUENIG ADD
pratts,2,0,0,0,2,Pratts
lake forest estates,0,1,0,1,2,LAKE FOREST ESTATES | Lake Forest Estates
okeefes hillcrest,0,0,1,1,2,OKEEFES HILLCREST | Okeefes Hillcrest
arbor ridge 2nd addition,0,0,1,1,2,Arbor Ridge 2nd Addition
rockford,0,2,0,0,2,Rockford
deauville condo property,0,1,1,0,2,DEAUVILLE CONDO PROPERTY | Deauville Condo Property
koll heights,1,0,0,1,2,Koll Heights
laytons,1,0,0,1,2,Laytons
lawndale add,0,0,0,2,2,LAWNDALE ADD | Lawndale ADD
lawre addition #4,1,1,0,0,2,LAWRE ADDITION #4 | Lawre Addition #4
tiburon view,0,1,0,1,2,TIBURON VIEW | Tiburon View
lawre addition #3,0,1,1,0,2,LAWRE ADDITION #3 | Lawre Addition #3
leavenworth crown,0,1,1,0,2,Leavenworth Crown
edwin bell addition,0,0,2,0,2,Edwin Bell Addition
town and country place,1,1,0,0,2,Town and Country Place
lakewood add,0,0,0,2,2,LAKEWOOD ADD | Lakewood Add
kosters add,1,0,0,1,2,KOSTERS ADD | Kosters ADD
old towne,0,2,0,0,2,Old Towne
culmsee,1,0,0,1,2,Culmsee
tower plaza,0,1,0,1,2,TOWER PLAZA | Tower Plaza
haas hill,2,0,0,0,2,Haas Hill
town & country,0,1,0,1,2,Town & Country
knolls-the,0,0,0,2,2,KNOLLS-THE
old town,2,0,0,0,2,Old Town
kountze 4th add supp,0,0,0,2,2,KOUNTZE 4TH ADD SUPP
green tree,0,0,1,1,2,Green Tree
leawood oaks townhomes replat,0,1,0,1,2,LEAWOOD OAKS TOWNHOMES REPLAT
pheasant run rep ii,0,1,0,1,2,PHEASANT RUN REP II | Pheasant Run Rep II
lakeview heights 1st,0,0,1,1,2,Lakeview Heights 1st
cunninghams sub div,0,0,0,2,2,CUNNINGHAMS SUB DIV | Cunninghams Sub Div
prairie pines,1,1,0,0,2,Prairie Pines
shadow run,1,1,0,0,2,Shadow Run
curtis & stones,1,0,1,0,2,Curtis & Stones
tiburon south,1,1,0,0,2,TIBURON SOUTH | Tiburon South
robin hill addition,1,1,0,0,2,Robin Hill Addition
beebe & runyan condominium,0,1,1,0,2,BEEBE & RUNYAN CONDOMINIUM
hacketts,2,0,0,0,2,HACKETTS
shadowbrook replat two,1,1,0,0,2,Shadowbrook Replat Two
old town bellevue,0,0,0,2,2,Old Town Bellevue | Old town Bellevue
shulls addition,1,0,0,0,1,Shulls Addition
sarpy county,0,1,0,0,1,Sarpy County
rusharts add,1,0,0,0,1,RUSHARTS ADD
rust & ryerson,0,0,1,0,1,RUST & RYERSON
bonfield replat,0,0,0,1,1,BONFIELD REPLAT
shady lane,1,0,0,0,1,Shady Lane
bowies,0,1,0,0,1,BOWIES
shull’s,0,1,0,0,1,Shull’s
robert bonifield addition,0,0,1,0,1,Robert Bonifield Addition
residences on the green pacific springs,0,0,0,1,1,Residences On The Green Pacific Springs
residences west dodge station,1,0,0,0,1,Residences West Dodge Station
saddle hill add,0,0,1,0,1,Saddle Hill Add
residences west dodge station rp1*,0,0,0,1,1,RESIDENCES WEST DODGE STATION RP1*
ridgefield 1st,1,0,0,0,1,Ridgefield 1st
bobier,0,0,0,1,1,Bobier
bobier replat lot 2 block 0,0,0,1,0,1,Bobier Replat Lot 2 Block 0
rogers se addition,1,0,0,0,1,Rogers SE Addition
ridgemoore,0,0,1,0,1,Ridgemoore
s country club heights,1,0,0,0,1,S Country Club Heights
brennan place lot 8 block 2,0,0,1,0,1,BRENNAN PLACE LOT 8 BLOCK 2
bondfield heights,0,0,1,0,1,Bondfield Heights
salings add to elkhorn,0,1,0,0,1,SALINGS ADD TO ELKHORN
s 56 ft lots 7 & 8 block 298 bellevue,1,0,0,0,1,S 56 FT LOTS 7 & 8 BLOCK 298 BELLEVUE
sanders & himebaugh,1,0,0,0,1,Sanders & Himebaugh
boardwalk condominium property regime,0,0,1,0,1,Boardwalk Condominium Property Regime
salings,0,0,0,1,1,Salings
rogers se add.,1,0,0,0,1,Rogers SE ADD.
sarpy heights ii,0,1,0,0,1,SARPY HEIGHTS II
saccos bonfield,1,0,0,0,1,SACCOS BONFIELD
saddie hills,1,0,0,0,1,Saddie Hills
saint francis acre,0,0,1,0,1,SAINT FRANCIS ACRE
brandies building,1,0,0,0,1,Brandies Building
ridges the replat 1,0,0,0,1,1,RIDGES THE REPLAT 1
brentwood,0,1,0,0,1,Brentwood
bowies addition,0,0,1,0,1,Bowies Addition
residences on the green at pacific springs,0,0,1,0,1,Residences on the Green at Pacific Springs
sailings addition to elkhorn,0,0,0,1,1,Sailings Addition to Elkhorn
shadowbrook west replat 1,0,0,0,1,1,SHADOWBROOK WEST REPLAT 1
shadowbrook/ridgemoor,0,1,0,0,1,Shadowbrook/Ridgemoor
shadowview,0,0,1,0,1,Shadowview
sanders & himebaughs add,0,1,0,0,1,Sanders & Himebaughs Add
ridgemoor replat 1,0,0,0,1,1,RIDGEMOOR REPLAT 1
s.e. rogers addition,0,1,0,0,1,S.E. Rogers Addition
shadow lake 2 northwest corner of 72nd st and capehart rd.,0,1,0,0,1,Shadow Lake 2   Northwest corner of 72nd St and Capehart Rd.
ruscello/ north streams,0,1,0,0,1,Ruscello/ North Streams
shadow glenn,0,0,0,1,1,Shadow Glenn
shadow brook,0,1,0,0,1,Shadow Brook
riverfront place condominium regime,0,0,1,0,1,Riverfront place condominium regime
southern manor estate,0,1,0,0,1,Southern Manor Estate
shadowbrook replat 2,1,0,0,0,1,Shadowbrook Replat 2
southern hill,0,1,0,0,1,Southern Hill
robb's hilltop,1,0,0,0,1,Robb's Hilltop
ruscello north streams ruscello/north stream north streams/ruscello,0,0,1,0,1,Ruscello North Streams Ruscello/North Stream North Streams/Ruscello
ruscello (north streams),0,0,1,0,1,Ruscello (North Streams)
ruscello north streams north streams/ruscello,0,0,0,1,1,Ruscello North Streams North Streams/Ruscello
selbys,0,1,0,0,1,SELBYS
rybin's subdivision,0,0,1,0,1,RYBIN'S SUBDIVISION
souther oaks,0,0,0,1,1,Souther Oaks
sarpy heights replat i,0,1,0,0,1,Sarpy Heights Replat I
riverside lakes lot 170 block 0,0,0,1,0,1,RIVERSIDE LAKES LOT 170 BLOCK 0
rybin's,0,0,0,1,1,Rybin's
souther view,0,1,0,0,1,Souther View
regency townhomes 2nd add,0,0,0,1,1,REGENCY TOWNHOMES 2ND ADD
southbridge condo prop re,0,0,0,1,1,Southbridge Condo Prop RE
"rockbrook - bridgeford dist66, westside",0,0,1,0,1,"ROCKBROOK - BRIDGEFORD  DIST66, WESTSIDE"
south ridge,0,0,1,0,1,South Ridge
south point estates,0,1,0,0,1,South Point Estates
rockbrook creek estates,1,0,0,0,1,ROCKBROOK CREEK ESTATES
rush and shelby,0,1,0,0,1,Rush and Shelby
rushart's,0,0,0,1,1,RUSHART'S
royal wood estates lot 176 block 0,0,0,1,0,1,Royal Wood Estates Lot 176 Block 0
robinsons lawn view,1,0,0,0,1,Robinsons Lawn View
regency townhomes 3rd add,0,0,1,0,1,REGENCY TOWNHOMES 3RD ADD
royalwood estates,0,0,1,0,1,Royalwood Estates
rush & shelbys,0,1,0,0,1,Rush & Shelbys
shadow run condo,0,0,1,0,1,Shadow Run Condo
shadow run condo phase 1& ii & iii lot 3b4 block 0 unit 3-b-4 3.5110%,1,0,0,0,1,Shadow Run condo Phase 1& II & III Lot 3B4 Block 0 Unit 3-B-4 3.5110%
"rockbrook, dolls rockbrook",0,0,1,0,1,"ROCKBROOK, DOLLS ROCKBROOK"
shadow ridge,1,0,0,0,1,Shadow Ridge
rush & selbys,0,0,0,1,1,Rush & Selbys
robinsons lawnview lot 9 block 0 49 x 132,0,0,0,1,1,ROBINSONS LAWNVIEW LOT 9 BLOCK 0 49 X 132
royal woods,1,0,0,0,1,Royal Woods
sharpes first,0,1,0,0,1,Sharpes First
sante fe pointe,0,0,1,0,1,Sante Fe Pointe
ryan place,0,0,1,0,1,RYAN PLACE
blondo ridges spruce,0,0,0,1,1,Blondo Ridges Spruce
boulevard district,0,0,1,0,1,Boulevard District
ridgeview t errace,0,0,0,1,1,Ridgeview T errace
shulls 3rd add,0,1,0,0,1,SHULLS 3RD ADD
ridgewood replat 5,0,1,0,0,1,Ridgewood Replat 5
robb's hilltop acres 2,0,0,0,1,1,Robb's Hilltop Acres 2
riverside lakes townhomes,0,0,1,0,1,Riverside Lakes Townhomes
rigdemoor,1,0,0,0,1,Rigdemoor
river oaks replat 3,1,0,0,0,1,River Oaks Replat 3
saratoga court add,0,0,0,1,1,SARATOGA COURT ADD
river oaks replat 6,1,0,0,0,1,RIVER OAKS REPLAT 6
rusty rose ridge,1,0,0,0,1,Rusty Rose Ridge
shulls 3rd addition,0,0,0,1,1,Shulls 3rd Addition
blondo ridges (spruce ridge),1,0,0,0,1,BLONDO RIDGES (Spruce Ridge)
blondo 264,0,0,0,1,1,Blondo 264
robert bonifield add,0,0,1,0,1,ROBERT BONIFIELD ADD
saratoga,1,0,0,0,1,Saratoga
southhill rows,0,1,0,0,1,Southhill Rows
saunder & himebaugh,0,0,1,0,1,Saunder & Himebaugh
serenity,1,0,0,0,1,SERENITY
saunders & himbaugh highland park,0,1,0,0,1,Saunders & Himbaugh Highland Park
riverview - mc gavocks,0,1,0,0,1,RIVERVIEW - MC GAVOCKS
shadowbrook ii,0,0,0,1,1,Shadowbrook II
southgate estates replat 1,0,0,0,1,1,SOUTHGATE ESTATES REPLAT 1
riverview forest,0,1,0,0,1,RIVERVIEW FOREST
saunders & himbaughs,0,0,1,0,1,Saunders & Himbaughs
blondo ridges spruce ridges,1,0,0,0,1,Blondo Ridges Spruce Ridges
seven hills,1,0,0,0,1,Seven Hills
seven hills estates,1,0,0,0,1,Seven Hills Estates
shadow view 2nd add lot 129 block 0 irreg,0,0,0,1,1,SHADOW VIEW 2ND ADD LOT 129 BLOCK 0 IRREG
rodgers,0,0,1,0,1,Rodgers
riverview heights,0,1,0,0,1,Riverview Heights
saunders & himebaughs add lot 6 block b 50 x 150,0,1,0,0,1,SAUNDERS & HIMEBAUGHS ADD LOT 6 BLOCK B 50 X 150
saunders & himebaughs addition,0,1,0,0,1,Saunders & Himebaughs Addition
browery hill,1,0,0,0,1,Browery Hill
saunders & himebaughs highland park,0,0,0,1,1,SAUNDERS & HIMEBAUGHS HIGHLAND PARK
settler's creek,0,1,0,0,1,Settler's Creek
bridgport,0,0,0,1,1,Bridgport
brookhaven west replat twelve,0,0,1,0,1,BROOKHAVEN WEST REPLAT TWELVE
burham,0,0,1,0,1,Burham
brookhaven west rep two,0,0,0,1,1,BROOKHAVEN WEST REP TWO
burlington center,0,0,0,1,1,BURLINGTON CENTER
skyline oaks ii,1,0,0,0,1,Skyline Oaks II
skyline ranches iii,0,0,0,1,1,Skyline Ranches III
burlington place,0,0,1,0,1,Burlington Place
bmg,0,0,1,0,1,BMG
sagewood rep 1,0,1,0,0,1,Sagewood Rep 1
bluff view addition,0,1,0,0,1,Bluff View Addition
brookhaven west rep one*,0,0,1,0,1,BROOKHAVEN WEST REP ONE*
saunders and himebaughs,0,0,1,0,1,Saunders and Himebaughs
skyline woods 2nd add replat 3,0,0,0,1,1,SKYLINE WOODS 2ND ADD REPLAT 3
burns place replat 1,0,0,1,0,1,BURNS PLACE REPLAT 1
soma rows,1,0,0,0,1,Soma Rows
skulls 2nd add,0,0,1,0,1,Skulls 2nd Add
bridgesfords rockbrook add,0,0,0,1,1,Bridgesfords Rockbrook Add
soma gallery condominium,0,1,0,0,1,SOMA Gallery Condominium
sky line add,0,1,0,0,1,Sky Line Add
skyline ranches replat three,0,1,0,0,1,Skyline Ranches Replat Three
robin valley add,0,0,0,1,1,ROBIN VALLEY ADD
sheffield,1,0,0,0,1,Sheffield
brook haven,0,1,0,0,1,Brook Haven
shelter hill,0,1,0,0,1,SHELTER HILL
solomons replat iii,0,0,1,0,1,SOLOMONS REPLAT III
calarosa /vistancia vistancia/calarosa,0,0,0,1,1,Calarosa /vistancia Vistancia/calarosa
solomon's addition,1,0,0,0,1,Solomon's Addition
brock's addition,0,0,0,1,1,Brock's Addition
rooneys,0,1,0,0,1,ROONEYS
saunders and himbaugh,0,0,0,1,1,Saunders and Himbaugh
shelter hill rep 1*,0,0,0,1,1,SHELTER HILL REP 1*
broadmor heights,0,1,0,0,1,Broadmor Heights
sheppard heights rep 1,0,0,0,1,1,Sheppard Heights Rep 1
soloman's add,0,0,0,1,1,Soloman's Add
sokol camp,1,0,0,0,1,SOKOL CAMP
skyline - east wadsworth,0,0,0,1,1,Skyline - East Wadsworth
so. omaha park,0,0,1,0,1,So. Omaha Park
brentwood heights,0,1,0,0,1,Brentwood Heights
brookhaven west two,0,0,0,1,1,BROOKHAVEN WEST TWO
so omaha park,0,1,0,0,1,SO Omaha Park
calarosa aka vistancia,0,0,0,1,1,Calarosa aka Vistancia
schwalbs 2nd,1,0,0,0,1,Schwalbs 2nd
bridgeport villas,0,1,0,0,1,Bridgeport Villas
skylark-cryer,0,1,0,0,1,Skylark-Cryer
sixteenth street add,0,0,0,1,1,SIXTEENTH STREET ADD
skyline,0,0,1,0,1,Skyline
bridgefords rockbrook addition,0,1,0,0,1,Bridgefords Rockbrook Addition
scott & hills sub div,0,0,0,1,1,SCOTT & HILLS SUB DIV
brynhaven hanover falls,0,0,1,0,1,Brynhaven Hanover Falls
silverthorn,1,0,0,0,1,Silverthorn
brookhaven townhomes,1,0,0,0,1,Brookhaven Townhomes
scullys,0,0,1,0,1,SCULLYS
bruhn acres,0,1,0,0,1,Bruhn Acres
silverwood condo,1,0,0,0,1,Silverwood Condo
silverwood cond prop regime,0,0,0,1,1,Silverwood Cond Prop Regime
bryhaven at hanover falls,0,0,0,1,1,Bryhaven at Hanover Falls
silverwood cond prop,0,0,1,0,1,SILVERWOOD COND PROP
see assoc docs,1,0,0,0,1,See assoc docs
silverthorne condo,0,0,1,0,1,Silverthorne Condo
rows on soma,0,0,0,1,1,Rows on SOMA
bridgefords,1,0,0,0,1,Bridgefords
rows at soma rep 2,0,0,0,1,1,ROWS AT SOMA REP 2
brookhaven replat ii,0,0,0,1,1,Brookhaven Replat II
saunders and himebaughs add,0,0,1,0,1,Saunders and Himebaughs ADD
saunders himebaughs,1,0,0,0,1,SAUNDERS HIMEBAUGHS
signal park hill,0,0,0,1,1,Signal Park Hill
rows at soma rep 1,0,0,0,1,1,ROWS AT SOMA REP 1
signal park,0,0,0,1,1,Signal Park
sautters,0,1,0,0,1,SAUTTERS
skykark heights,0,1,0,0,1,Skykark Heights
brookhaven lot 32 block 0,0,0,0,1,1,BROOKHAVEN LOT 32 BLOCK 0
brookfield at the ridges (aka whispering hollow),1,0,0,0,1,Brookfield at the Ridges (aka Whispering Hollow)
signal hills townhomes,1,0,0,0,1,Signal Hills Townhomes
buckeye place,1,0,0,0,1,Buckeye Place
rows at soma rep 1 the,1,0,0,0,1,ROWS AT SOMA REP 1 THE
savanna shores 2nd addition,0,1,0,0,1,SAVANNA SHORES 2ND ADDITION
signal hill park replat lot 522 block 0 ireg,0,1,0,0,1,Signal Hill Park Replat Lot 522 Block 0 Ireg
burr oak add,1,0,0,0,1,Burr Oak Add
rows at soma rep 1 the* lot 41 block 0,0,0,0,1,1,ROWS AT SOMA REP 1 THE* LOT 41 BLOCK 0
schwalbs 1st add-,0,0,1,0,1,SCHWALBS 1ST ADD-
siewert addition,0,0,1,0,1,SIEWERT ADDITION
brookfield villas at the ridges,0,1,0,0,1,Brookfield Villas at The Ridges
buells,0,0,1,0,1,Buells
shrivers place,1,0,0,0,1,Shrivers Place
somerset lot 55 block 0 56x120,0,1,0,0,1,SOMERSET LOT 55 BLOCK  0 56x120
brighton,1,0,0,0,1,BRIGHTON
somerset lot 220 block 0 irreg,0,1,0,0,1,SOMERSET LOT 220 BLOCK 0 IRREG
schroeders west blondo add,0,1,0,0,1,Schroeders West Blondo Add
bowling green subdivision,1,0,0,0,1,Bowling Green Subdivision
shroeders west,0,0,0,1,1,Shroeders West
bowles,0,0,0,1,1,Bowles
shulls 1st add,1,0,0,0,1,Shulls 1st add
smiths sub div,0,0,1,0,1,SMITHS SUB DIV
shulls 2nd add dcn,1,0,0,0,1,Shulls 2nd Add DCN
south omaha medical,0,1,0,0,1,South Omaha Medical
sherman ave park,0,1,0,0,1,SHERMAN AVE PARK
riverview homes ad,0,0,0,1,1,Riverview Homes Ad
schwalb's 4th add,0,1,0,0,1,Schwalb's 4th Add
rj addition,0,1,0,0,1,RJ Addition
sherman avenue park,0,1,0,0,1,Sherman Avenue Park
schwalb's 4th addition,0,0,0,1,1,SCHWALB'S 4TH ADDITION
rourke,1,0,0,0,1,Rourke
roanoake estates,1,0,0,0,1,Roanoake Estates
rose gardens estates,0,1,0,0,1,Rose Gardens Estates
bosaneks orchard heights 1st add,1,0,0,0,1,BOSANEKS ORCHARD HEIGHTS 1ST ADD
resvervoir,1,0,0,0,1,Resvervoir
siemssen,1,0,0,0,1,Siemssen
bosanek's,0,0,0,1,1,Bosanek's
rybins subdivision 2,0,0,0,1,1,RYBINS SUBDIVISION 2
siemssen place,0,0,1,0,1,SIEMSSEN PLACE
brandeis building condominium,0,1,0,0,1,BRANDEIS BUILDING CONDOMINIUM
shinns,1,0,0,0,1,Shinns
rogers se add,1,0,0,0,1,Rogers SE Add
rybin's subdivision 2,0,1,0,0,1,Rybin's Subdivision 2
rogers - se - add,1,0,0,0,1,Rogers - SE - Add
sagewood lot 350 block 0 irreg,1,0,0,0,1,SAGEWOOD LOT 350 BLOCK 0 IRREG
sagewood lot 351 block 0 irreg,1,0,0,0,1,SAGEWOOD LOT 351 BLOCK 0 IRREG
rogers - s e -,0,0,1,0,1,Rogers - S E -
bridgeford rockbrook add,0,0,0,1,1,BRIDGEFORD ROCKBROOK ADD
sailings add to elkhorn,0,0,0,1,1,SAILINGS ADD TO ELKHORN
schram point,0,1,0,0,1,Schram Point
schroeders west blondo,0,0,1,0,1,Schroeders West Blondo
sholes,0,0,1,0,1,SHOLES
sorensen acres,0,0,1,0,1,Sorensen Acres
brandeis,0,0,0,1,1,Brandeis
sherwood forest,1,0,0,0,1,Sherwood Forest
schlesingers addition replat,0,0,1,0,1,SCHLESINGERS ADDITION REPLAT
schlueters,0,0,1,0,1,Schlueters
schnells add,1,0,0,0,1,Schnells Add
schomers,1,0,0,0,1,Schomers
butterfields subdivision,0,0,0,1,1,BUTTERFIELDS SUBDIVISION
cain place,0,1,0,0,1,CAIN PLACE
sherwoods,0,1,0,0,1,SHERWOODS
smt,0,0,1,0,1,SMT
sherman heights,0,0,0,1,1,Sherman Heights
smoky ridge,1,0,0,0,1,Smoky Ridge
smokey ridge,0,1,0,0,1,Smokey Ridge
brook hollow condominium prop reg,0,0,0,1,1,BROOK HOLLOW CONDOMINIUM PROP REG
shinned 3rd add,0,0,1,0,1,Shinned 3rd Add
calaros/vistancia,0,1,0,0,1,CALAROS/VISTANCIA
saxton,0,1,0,0,1,Saxton
shaws,0,0,0,1,1,Shaws
saxton add,0,0,1,0,1,Saxton Add
rooneys add,0,1,0,0,1,ROONEYS ADD
scarbough,0,0,0,1,1,Scarbough
shiloh add,1,0,0,0,1,SHILOH ADD
south gate estates,0,0,1,0,1,SOUTH GATE ESTATES
roanoke estate lot 158 block 0 irreg,0,1,0,0,1,ROANOKE ESTATE LOT 158 BLOCK 0 IRREG
boyd add,1,0,0,0,1,Boyd ADD
roanoke estate lot 486 block 0.67x187.5,0,1,0,0,1,Roanoke Estate Lot 486 Block 0.67x187.5
boyds,0,1,0,0,1,Boyds
rosslyn add,0,1,0,0,1,Rosslyn Add
rose dale heights no 2,0,0,1,0,1,ROSE DALE HEIGHTS NO 2
bridge ford rockbrook,0,0,1,0,1,Bridge Ford Rockbrook
brevoot place,1,0,0,0,1,Brevoot Place
skyline woods replat iii,0,0,0,1,1,SKYLINE WOODS REPLAT III
schenks 1st addition,0,0,1,0,1,Schenks 1st Addition
rosewater parkway,0,1,0,0,1,Rosewater Parkway
smith horbachs,0,1,0,0,1,SMITH HORBACHS
schenks terrace,0,1,0,0,1,Schenks Terrace
roonys,1,0,0,0,1,Roonys
smid cockrell add,0,0,0,1,1,SMID Cockrell Add
roanoke estates replat 5,0,0,1,0,1,Roanoke Estates Replat 5
schewe-heidkamp,0,0,1,0,1,Schewe-Heidkamp
schlesingers add lot 19 block 1 50 x 133,1,0,0,0,1,SCHLESINGERS ADD LOT 19 BLOCK 1 50 X 133
brevoort,0,0,0,1,1,BREVOORT
smith horbachs replat,0,0,0,1,1,SMITH HORBACHS REPLAT
walnut grove townhomes con p r ii,1,0,0,0,1,WALNUT GROVE TOWNHOMES CON P R II
walnut grove townhomes con pr i,1,0,0,0,1,WALNUT GROVE TOWNHOMES CON PR I
walnut grove townhomes con pr ii,1,0,0,0,1,WALNUT GROVE TOWNHOMES CON PR II
walnut grove townhomes con pri l,0,0,0,1,1,Walnut Grove Townhomes Con Pri l
walnut grove townhomes hoa regime 2,0,0,1,0,1,Walnut Grove Townhomes HOA Regime 2
walling,1,0,0,0,1,Walling
walnut creek estates replat 2,0,0,0,1,1,Walnut Creek Estates Replat 2
walnut creek hills replat eighteen,0,1,0,0,1,Walnut Creek Hills Replat  Eighteen
walnut creek hills replat six,0,1,0,0,1,Walnut Creek Hills Replat Six
regency townhomes 2nd add lot 155h9 block 0,0,0,0,1,1,REGENCY TOWNHOMES 2ND ADD LOT 155H9 BLOCK 0
walnut grove hillside th con,0,1,0,0,1,Walnut Grove Hillside TH CON
west bay woods 2 rep 1,0,0,1,0,1,West Bay Woods 2 Rep 1
west bay woods 2 rep 1*,0,0,0,1,1,WEST BAY WOODS 2 REP 1*
archers,0,0,0,1,1,Archers
arden place lot 23 block 0 86 x 140.08,0,0,0,1,1,ARDEN PLACE LOT 23 BLOCK 0 86 X 140.08
ardmore replat,0,0,1,0,1,ARDMORE REPLAT
arenz,0,0,0,1,1,Arenz
webster's add,0,0,1,0,1,Webster's Add
wedgewood phase iii replat,0,0,1,0,1,Wedgewood Phase III Replat
weeklys add,1,0,0,0,1,Weeklys Add
walnut grove hillside - condo regime 3,0,0,1,0,1,WALNUT GROVE HILLSIDE - CONDO REGIME 3
aspen,0,0,1,0,1,Aspen
aspen condominumims,1,0,0,0,1,ASPEN CONDOMINUMIMS
aspen creek n,0,0,0,1,1,Aspen Creek N
aspen creek north phase ii,0,0,1,0,1,Aspen Creek North Phase II
asbury hills,0,0,0,1,1,Asbury Hills
ashbury creek 2 approx. 1 mile south of hwy 370 on 114th st.,0,1,0,0,1,Ashbury Creek 2 approx. 1 mile south of HWY 370 on 114th St.
ashbury creek phase 2,1,0,0,0,1,Ashbury Creek Phase 2
waterford kiltera villa,0,1,0,0,1,Waterford Kiltera Villa
waterford kiltera villas,1,0,0,0,1,Waterford Kiltera Villas
walnut grove town homes,1,0,0,0,1,Walnut Grove Town Homes
waterford lot 64 block 0,1,0,0,0,1,WATERFORD LOT 64 BLOCK 0
waterford lot 70 block 0,0,0,0,1,1,WATERFORD LOT 70 BLOCK 0
walnut hills creek,1,0,0,0,1,Walnut Hills Creek
walnut lake rep 1,0,1,0,0,1,WALNUT LAKE REP 1
walnut lake villa community,0,1,0,0,1,Walnut Lake Villa Community
warren addition,0,1,0,0,1,Warren Addition
washington hills,0,1,0,0,1,Washington Hills
washington square,0,1,0,0,1,Washington Square
walnut grove hillside th con reg 3,0,0,0,1,1,WALNUT GROVE HILLSIDE TH CON REG 3
walnut grove towhomes con pr i,0,0,0,1,1,Walnut Grove Towhomes Con PR I
waterford lot 5 block 0 irreg,0,0,0,1,1,WATERFORD LOT 5 BLOCK 0 IRREG
armbrust westridge,0,0,1,0,1,Armbrust Westridge
armbrusts rockbook,0,1,0,0,1,Armbrusts Rockbook
armburst acres,0,0,1,0,1,Armburst Acres
arenz addition,0,1,0,0,1,Arenz Addition
arlington at dundee condo,0,0,0,1,1,Arlington at Dundee Condo
arlington at dundee condo reg,1,0,0,0,1,ARLINGTON AT DUNDEE CONDO REG
armbrust,1,0,0,0,1,Armbrust
armbrust acres 2nd,1,0,0,0,1,Armbrust Acres 2nd
west side 3rd add,0,0,1,0,1,West side 3rd Add
weeklys addition,1,0,0,0,1,Weeklys Addition
west view ridge,1,0,0,0,1,West View Ridge
west wood heights,1,0,0,0,1,WEST WOOD HEIGHTS
west wood terrace,0,0,0,1,1,WEST WOOD TERRACE
westbaywoods,0,0,1,0,1,WestBayWoods
west moreland,1,0,0,0,1,West Moreland
west omaha addition,0,1,0,0,1,West Omaha Addition
west pacific hills replat lot 16 block 2 irreg,0,1,0,0,1,WEST PACIFIC HILLS REPLAT LOT 16 BLOCK 2 IRREG
west side 1st addition,0,0,1,0,1,West Side 1st Addition
west side 2nd add lot 5 block 0 e 100 ft lot 3 & e 10 w 50 ft lts 4 &,1,0,0,0,1,WEST SIDE 2ND ADD LOT 5 BLOCK 0 E 100 FT LOT 3 & E 10 W 50 FT LTS 4 &
west side 2nd addition,0,0,0,1,1,West Side 2nd Addition
west side add lot 12 block 11,0,0,0,1,1,WEST SIDE ADD LOT 12 BLOCK 11
wear benson,0,0,1,0,1,Wear Benson
wear's,0,0,0,1,1,Wear's
wear's benson lot 15 block 1 irreg,0,0,0,1,1,WEAR'S BENSON LOT 15 BLOCK 1 IRREG
wears,1,0,0,0,1,WEARS
wears sunny view add lot 72 block 0 82x140,1,0,0,0,1,WEARS SUNNY VIEW ADD LOT 72 Block 0 82x140
waterloo town,0,0,1,0,1,Waterloo Town
waterloo-town of,0,1,0,0,1,Waterloo-Town Of
waterloo-town-of,0,0,0,1,1,Waterloo-Town-Of
waters edge,0,0,0,1,1,Waters Edge
armbrust oaks estates,0,0,1,0,1,Armbrust Oaks Estates
west county club,0,0,0,1,1,West County Club
west dodge lot 5 block 8 66 x 140,0,1,0,0,1,WEST DODGE LOT 5 BLOCK 8 66 X 140
west fairacres lot 4 block 2 irreg,0,1,0,0,1,WEST FAIRACRES LOT 4 BLOCK 2 IRREG
west gate add,0,0,0,1,1,West Gate Add
armburst rockbrook,0,1,0,0,1,Armburst Rockbrook
armburst westridge,0,1,0,0,1,ARMBURST WESTRIDGE
armbursts westridge,1,0,0,0,1,Armbursts Westridge
west bay woods rep one,1,0,0,0,1,WEST BAY WOODS REP ONE
west brookhaven,1,0,0,0,1,West Brookhaven
armbrust acres 3rd,0,0,0,1,1,Armbrust Acres 3rd
waverly park lot,0,1,0,0,1,WAVERLY PARK LOT
valley heights lot 1 block 3,0,0,1,0,1,Valley Heights Lot 1 Block 3
valley shores replat 1,0,0,0,1,1,VALLEY SHORES REPLAT 1
bakers,1,0,0,0,1,Bakers
ballena / tiburon,0,0,1,0,1,Ballena / Tiburon
ballena / tiburon south,0,1,0,0,1,Ballena / Tiburon South
ballena tiburon,0,0,1,0,1,Ballena  Tiburon
avery north replat 1,1,0,0,0,1,Avery North Replat 1
avian forest replat i,1,0,0,0,1,Avian Forest Replat I
b02 fitzgerald's / 51 total subd,1,0,0,0,1,B02 FITZGERALD'S / 51 TOTAL SUBD
w wood hts highland area,0,0,1,0,1,W WOOD HTS HIGHLAND AREA
unit 9a mose condominium property regime i,0,1,0,0,1,UNIT 9A MOSE CONDOMINIUM PROPERTY REGIME I
unknown,0,1,0,0,1,Unknown
autumn grove rep one,0,0,0,1,1,AUTUMN GROVE REP ONE
avalon norh,1,0,0,0,1,Avalon Norh
avalon north lot 102 block 0 irreg,0,0,1,0,1,AVALON NORTH LOT 102 BLOCK 0 IRREG
avery hills north,0,0,0,1,1,Avery Hills North
village green cooperative,0,0,1,0,1,Village Green Cooperative
village green townhomes coop,0,0,1,0,1,Village Green Townhomes Coop
village of waterloo,0,0,1,0,1,Village of Waterloo
village on sprague,0,0,1,0,1,Village on Sprague
bacr,0,1,0,0,1,BACR
unique place,0,0,1,0,1,UNIQUE PLACE
unit 43 grand villa of twin ridge ii condominium property regime no. 2,0,1,0,0,1,UNIT 43 GRAND VILLA OF TWIN RIDGE II CONDOMINIUM PROPERTY REGIME NO. 2
twind ridge ii,1,0,0,0,1,Twind Ridge II
two rivers,0,0,1,0,1,Two Rivers
two rivers farmstead replat five lot 1 and outlot a 3.017 ac,1,0,0,0,1,TWO RIVERS FARMSTEAD REPLAT FIVE LOT 1 AND OUTLOT A 3.017 AC
twin ridge iv,0,0,0,1,1,Twin Ridge IV
twin river vista 2nd add,0,0,1,0,1,Twin River Vista 2nd Add
twin towers condo,1,0,0,0,1,Twin Towers Condo
twin towers condominium association,0,1,0,0,1,TWIN TOWERS CONDOMINIUM ASSOCIATION
valley farms 1st,0,0,1,0,1,Valley Farms 1st
tuttles subdiv,0,0,1,0,1,Tuttles Subdiv
twentieth & ames ave sub div,1,0,0,0,1,TWENTIETH & AMES AVE SUB DIV
twilight hills,0,0,1,0,1,Twilight Hills
twilight hills 2nd platting,0,0,0,1,1,TWILIGHT HILLS 2ND PLATTING
twin oaks,0,0,0,1,1,TWIN OAKS
twin ridge 2,1,0,0,0,1,Twin Ridge 2
twin ridge ii condominium,1,0,0,0,1,TWIN RIDGE II CONDOMINIUM
twin ridge ii condominium property regime no. 1,0,0,0,1,1,TWIN RIDGE II CONDOMINIUM PROPERTY REGIME NO. 1
upland homes addition,1,0,0,0,1,Upland Homes Addition
upland terrace lot 12 block 0 e 45 ft w 90 ft 45 x 140,0,0,0,1,1,UPLAND TERRACE LOT 12 BLOCK 0 E 45 FT W 90 FT 45 X 140
twin towers condominiums,0,0,1,0,1,Twin Towers Condominiums
vistancia calarosa,0,0,1,0,1,VISTANCIA Calarosa
vistancia estates,0,1,0,0,1,Vistancia Estates
vistancia/calarosa vistancia calarosa,0,0,0,1,1,Vistancia/Calarosa Vistancia Calarosa
vintage glen at mayfair,1,0,0,0,1,Vintage Glen at Mayfair
vinton place,0,0,0,1,1,VINTON PLACE
virginia tomczak add,0,0,1,0,1,Virginia TomcZak Add
vistancia (calarosa),0,0,0,1,1,Vistancia (Calarosa)
villages on sprague lot 3 block 0 24 x 22,1,0,0,0,1,VILLAGES ON SPRAGUE LOT 3 BLOCK 0 24 X 22
villas at creekside replat two,1,0,0,0,1,Villas at creekside replat two
village pointe estates (formerly village cove),0,1,0,0,1,Village Pointe Estates (formerly Village Cove)
villas at the grove - the,0,0,0,1,1,Villas at the Grove - THE
villas at the grove-the- lot 40 block 0 52x98,0,1,0,0,1,VILLAS AT THE GROVE-THE- LOT 40 BLOCK 0 52X98
wadsworth heights,0,0,1,0,1,Wadsworth Heights
wadsworth south,0,1,0,0,1,Wadsworth South
wakeley addition,0,0,1,0,1,Wakeley Addition
waldron acres,1,0,0,0,1,Waldron Acres
athena estates,0,0,1,0,1,Athena Estates
autum grove,1,0,0,0,1,Autum Grove
autum heights,1,0,0,0,1,Autum Heights
w wood hts,0,0,1,0,1,W WOOD HTS
villas at southwood,1,0,0,0,1,Villas at Southwood
village pointe estates formerly village cove,0,1,0,0,1,Village Pointe Estates formerly Village Cove
villages at falcon ridge,1,0,0,0,1,Villages at Falcon Ridge
viking park,0,0,1,0,1,Viking Park
villa's of saddlebrook,0,0,1,0,1,VILLA'S OF SADDLEBROOK
village at falcon ridge condo,0,0,0,1,1,Village at Falcon Ridge Condo
village cove / village pointe estates,0,0,1,0,1,Village Cove / Village Pointe Estates
venice,0,0,0,1,1,VENICE
venice add,0,0,0,1,1,Venice Add
venice woods,0,0,1,0,1,Venice Woods
veylupek addition,1,0,0,0,1,Veylupek Addition
asbury creek,0,0,1,0,1,Asbury Creek
victoria row,0,0,0,1,1,Victoria Row
van buren heights,0,0,0,1,1,VAN BUREN HEIGHTS
vanburen park condos,1,0,0,0,1,VANBUREN PARK CONDOS
vasser place,0,1,0,0,1,Vasser Place
vencil #2,0,0,0,1,1,Vencil #2
vencil -- on leased land,1,0,0,0,1,vencil -- on leased land
vistancia/cararosa,0,0,0,1,1,Vistancia/Cararosa
voss,0,0,0,1,1,VOSS
vullmer palace,1,0,0,0,1,Vullmer Palace
arnbrusts rockbrook,0,0,1,0,1,Arnbrusts Rockbrook
vic peterson,1,0,0,0,1,VIC PETERSON
wilcox south omaha,0,1,0,0,1,Wilcox  South Omaha
wilkie replat,0,0,0,1,1,Wilkie Replat
wilkies 1st add,1,0,0,0,1,Wilkies 1st Add
williams place,0,1,0,0,1,Williams Place
winterburn 4th ad,0,1,0,0,1,WINTERBURN 4TH AD
winterburn heights replat 1,0,0,0,1,1,WINTERBURN HEIGHTS REPLAT 1
902 dodge,1,0,0,0,1,902 Dodge
902 dodge condominimum,1,0,0,0,1,902 DODGE CONDOMINIMUM
902 dodge condominium,0,1,0,0,1,902 Dodge Condominium
west l st acres annex,0,0,0,1,1,WEST L ST ACRES ANNEX
abraham's subdivision,0,1,0,0,1,Abraham's Subdivision
windridge estates,1,0,0,0,1,Windridge Estates
windridge hills,0,0,1,0,1,Windridge Hills
windsor place condo property reg,1,0,0,0,1,WINDSOR PLACE CONDO PROPERTY REG
wingate ranch,1,0,0,0,1,Wingate Ranch
winnchester heights,0,1,0,0,1,Winnchester Heights
winchester hills,0,0,0,1,1,Winchester Hills
windgate ranch 2,0,1,0,0,1,Windgate Ranch 2
windgate ranch estates,0,0,1,0,1,Windgate Ranch Estates
windgate ranches 1,1,0,0,0,1,Windgate Ranches 1
abdouchs 1st,1,0,0,0,1,Abdouchs 1st
anchor pointe lot 148 block 0 lot 148,0,1,0,0,1,ANCHOR POINTE LOT 148 BLOCK 0 LOT 148
anchor pointe phase 2,1,0,0,0,1,Anchor Pointe phase 2
wilson and johnson 2nd,0,0,0,1,1,Wilson and Johnson 2nd
wilson and mossmans florence,1,0,0,0,1,WILSON AND MOSSMANS FLORENCE
wilson mossman,1,0,0,0,1,Wilson Mossman
wilson mossmans,1,0,0,0,1,Wilson Mossmans
wilson view add,0,0,1,0,1,Wilson View Add
wilson-carl,0,0,1,0,1,WILSON-CARL
wilsons,0,0,0,1,1,Wilsons
wilcox b e add,0,0,0,1,1,WILCOX B E ADD
willows,1,0,0,0,1,Willows
willows the,0,0,0,1,1,WILLOWS THE
wilson & johnson second addition,0,1,0,0,1,WILSON & JOHNSON SECOND ADDITION
wilson & mossman,0,0,1,0,1,Wilson & Mossman
wilson & mossman florence,1,0,0,0,1,Wilson & Mossman Florence
williams sub div,0,0,0,1,1,WILLIAMS SUB DIV
willow wood lot 381 block 0 80 x 80,0,1,0,0,1,WILLOW WOOD LOT 381 BLOCK 0 80 X 80
willow wood lot 460 block 0 irreg,0,1,0,0,1,WILLOW WOOD LOT 460 BLOCK 0 IRREG
willow wood subdivision,0,0,0,1,1,Willow Wood Subdivision
wilcox addition,0,1,0,0,1,Wilcox Addition
willowood,1,0,0,0,1,Willowood
31 mason east,0,1,0,0,1,31 Mason East
31 mason southwest,0,0,0,1,1,31 Mason Southwest
32 california,0,0,1,0,1,32 CALIFORNIA
woodstone townhomes,0,0,0,1,1,Woodstone Townhomes
winthers sub,1,0,0,0,1,WINTHERS SUB
winthers sub div,0,0,1,0,1,Winthers Sub Div
wirths sub div,0,0,0,1,1,Wirths Sub Div
alamo,0,1,0,0,1,Alamo
albro acres,0,0,0,1,1,Albro Acres
windridge 2nd add,0,0,1,0,1,Windridge 2nd add
alscher,0,1,0,0,1,Alscher
alvarez,1,0,0,0,1,Alvarez
alamo plaza,0,0,0,1,1,ALAMO PLAZA
albin j. dvorak,1,0,0,0,1,ALBIN J. DVORAK
albright & aylesworth addition,0,0,0,1,1,Albright & Aylesworth Addition
albright anex,0,0,1,0,1,ALBRIGHT ANEX
albright annes,0,0,0,1,1,Albright Annes
albright sub b 30 albright choice,0,0,0,1,1,ALBRIGHT SUB B 30 ALBRIGHT CHOICE
acreage,0,0,0,1,1,Acreage
aksarben village replat 18,0,0,1,0,1,AKSARBEN VILLAGE REPLAT 18
almyrn place,1,0,0,0,1,Almyrn Place
wilsons -carl c,0,1,0,0,1,WILSONS -CARL C
wilsons -carl c- add,0,0,1,0,1,WILSONS -CARL C- ADD
wilsons -carl c- add lot 26 block 0 40 x 90,0,0,0,1,1,WILSONS -CARL C- ADD LOT 26 BLOCK 0 40 X 90
wilsons carl c,0,1,0,0,1,Wilsons Carl C
wilsons carl c.,1,0,0,0,1,Wilsons Carl C.
winches,0,1,0,0,1,WINCHES
winchester,0,1,0,0,1,WINCHESTER
winchester hill top,0,0,1,0,1,Winchester Hill Top
woodland ridge,0,0,0,1,1,WOODLAND RIDGE
woods place lot 10 block 2 w 9 ft lt 9 & e 29,0,1,0,0,1,WOODS PLACE LOT 10 BLOCK 2 W 9 FT LT 9 & E 29
2nd & madison add,0,0,0,1,1,2ND & MADISON ADD
woodcreek,0,0,0,1,1,WOODCREEK
woodhaven replat,1,0,0,0,1,Woodhaven Replat
woodhvaven,0,0,0,1,1,WOODHVAVEN
woodland oaks replat 1,0,0,1,0,1,WOODLAND OAKS REPLAT 1
woodland oaks replat 2,0,1,0,0,1,Woodland Oaks Replat 2
420 condominium property regime,0,0,1,0,1,420 Condominium Property Regime
500 building cond,1,0,0,0,1,500 BUILDING COND
6310 n 115 avenue cr omaha ne 68164-0000,1,0,0,0,1,6310 N 115 AVENUE CR OMAHA NE 68164-0000
64ave aksarben village,0,1,0,0,1,64AVE Aksarben Village
64ave i aksarben village,0,1,0,0,1,64AVE I Aksarben Village
1st addition to bosanek's orchard,0,0,1,0,1,1ST ADDITION TO BOSANEK'S ORCHARD
westbrook add lot 28 block 0 52.7 x 135,0,0,0,1,1,Westbrook ADD LOT 28 BLOCK 0 52.7 X 135
arbor oaks lot 151 block 0 irreg,0,1,0,0,1,ARBOR OAKS LOT 151 BLOCK 0 IRREG
arbor ridge 2nd add rep 1,0,0,0,1,1,ARBOR RIDGE 2ND ADD REP 1
arbor ridge ii,0,0,1,0,1,Arbor Ridge II
apen creek north,0,0,1,0,1,Apen Creek North
applewood lane townlhomes,1,0,0,0,1,Applewood Lane Townlhomes
applewood lanes townhomes,0,1,0,0,1,Applewood Lanes Townhomes
westmont condominium property regime no. 1,1,0,0,0,1,WESTMONT CONDOMINIUM PROPERTY REGIME NO. 1
weston hills,0,1,0,0,1,Weston Hills
anchor point villas,0,1,0,0,1,Anchor Point Villas
westridge replat 6,0,0,0,1,1,Westridge Replat 6
westin hills westin hills west lot 317 block 0 irreg,0,0,0,1,1,Westin Hills WESTIN HILLS WEST LOT 317 BLOCK 0 IRREG
westmont 2nd platting,1,0,0,0,1,Westmont 2nd platting
westmont condo property regime,1,0,0,0,1,Westmont Condo Property Regime
westmont condo regime,1,0,0,0,1,Westmont Condo Regime
westgate add. 2,1,0,0,0,1,Westgate Add. 2
westgate addition,0,0,1,0,1,Westgate Addition
westin hill west,0,0,1,0,1,Westin Hill West
westin hills lot,0,0,1,0,1,WESTIN HILLS LOT
westin hills rep forty eight*,0,0,1,0,1,WESTIN HILLS REP FORTY EIGHT*
westoreland,0,1,0,0,1,WESTORELAND
west l st acres-annex,0,0,1,0,1,West L ST Acres-Annex
west l st acres-annex-,0,0,1,0,1,WEST L ST ACRES-ANNEX-
west l st acres-annex- lot 18 block 0,0,0,1,0,1,WEST L ST ACRES-ANNEX- LOT 18 BLOCK 0
west l street acres -annex,0,0,1,0,1,West L Street Acres -Annex
west loveland add lot 1 block 8 102.74 x 140,1,0,0,0,1,WEST LOVELAND ADD LOT 1 BLOCK 8 102.74 X 140
west johnston commons,0,1,0,0,1,West Johnston Commons
west keystone drive,1,0,0,0,1,West Keystone Drive
west l,1,0,0,0,1,West L
west l acres 3rd add,0,1,0,0,1,West L Acres 3rd Add
westbrook add lot,0,1,0,0,1,WESTBROOK ADD LOT
westbury ccreek,0,0,1,0,1,WESTBURY CCREEK
westbury farm villas,0,0,0,1,1,Westbury Farm Villas
westchester 2nd,0,0,1,0,1,Westchester 2nd
westchester 2nd add,0,1,0,0,1,Westchester 2nd Add
westchester 2nd addition,0,0,1,0,1,Westchester 2nd Addition
arbor ridge lot 5 block 0,0,0,1,0,1,Arbor Ridge lOT 5 bLOCK 0
arbor sanctuary,0,1,0,0,1,Arbor Sanctuary
arbor view 2,1,0,0,0,1,Arbor View 2
arcadia,0,1,0,0,1,Arcadia
arcadia court ext,0,0,1,0,1,ARCADIA COURT EXT
west l acres-annex,0,0,1,0,1,West L Acres-Annex
westwood ave,0,0,1,0,1,Westwood Ave
westwood heights 12th add lot 45 block 0 irreg,0,1,0,0,1,WESTWOOD HEIGHTS 12TH ADD LOT 45 BLOCK 0 IRREG
whitehawk replat 1,0,0,1,0,1,Whitehawk Replat 1
wiercrest,0,1,0,0,1,Wiercrest
wilcox - b e - add,0,1,0,0,1,Wilcox - B E - ADD
wilcox -b e-,0,0,0,1,1,WILCOX -B E-
anisfield lot 7 block 0 50 x 115,1,0,0,0,1,ANISFIELD LOT 7 BLOCK 0 50 X 115
ann maire's,0,1,0,0,1,ANN MAIRE'S
whitehall condominium prop,0,0,0,1,1,WHITEHALL CONDOMINIUM PROP
westin hills replat fifty nine,0,0,1,0,1,WESTIN HILLS REPLAT FIFTY NINE
whitehawk rep 1,0,0,0,1,1,Whitehawk Rep 1
whitehawk rep 2,0,0,0,1,1,Whitehawk Rep 2
anchor pointe replat 1,0,1,0,0,1,Anchor Pointe Replat 1
andersen acres,0,1,0,0,1,Andersen Acres
andersen meadows,0,1,0,0,1,Andersen Meadows
andersons 1st add,0,0,0,1,1,ANDERSONS 1ST ADD
andersons addition,0,0,1,0,1,Andersons Addition
anisfield,0,0,1,0,1,ANISFIELD
ames add to hillsdale,0,0,1,0,1,AMES ADD TO HILLSDALE
amy lyn,0,0,0,1,1,Amy Lyn
whitehall condos,0,1,0,0,1,Whitehall Condos
westin hills west replat four,0,0,1,0,1,WESTIN HILLS WEST REPLAT FOUR
westchester lane add,0,0,1,0,1,WESTCHESTER LANE ADD
western trails 2*,0,0,0,1,1,WESTERN TRAILS 2*
westgate add lot 894 block 0 irreg,1,0,0,0,1,WESTGATE ADD LOT 894 BLOCK 0 IRREG
amber valley,0,1,0,0,1,Amber Valley
amber vista,1,0,0,0,1,Amber Vista
ambler,0,1,0,0,1,Ambler
ambler sub div,0,0,0,1,1,AMBLER SUB DIV
ambrusts rockbrook,1,0,0,0,1,AMBRUSTS ROCKBROOK
westwood terrace subdivision,0,0,0,1,1,Westwood Terrace Subdivision
westside addition,1,0,0,0,1,Westside Addition
whispering timbers estates,1,0,0,0,1,Whispering Timbers Estates
whispering timbers ii,1,0,0,0,1,Whispering Timbers II
white hawk,0,1,0,0,1,White Hawk
westwood heights 14th add replat,1,0,0,0,1,WESTWOOD HEIGHTS 14TH ADD REPLAT
westwood heights condo property reg no 1,0,0,1,0,1,Westwood Heights Condo Property Reg No 1
westwood heights highland,0,0,1,0,1,Westwood Heights Highland
westwood heights lot 19 block 8 irreg,1,0,0,0,1,WESTWOOD HEIGHTS LOT 19 BLOCK 8 IRREG
westwood hghts,0,1,0,0,1,Westwood Hghts
westwood terrace replat,0,0,0,1,1,Westwood Terrace Replat
westside add,0,0,1,0,1,Westside Add
whispering timber,0,0,1,0,1,Whispering Timber
stonecrest replat four,0,1,0,0,1,STONECREST REPLAT FOUR
stoneham,0,1,0,0,1,Stoneham
bennington town of,0,0,0,1,1,BENNINGTON TOWN OF
bensen gardens,1,0,0,0,1,Bensen Gardens
summit add lot 13 block 6,0,0,0,1,1,SUMMIT ADD LOT 13 BLOCK 6
summit condominium,0,1,0,0,1,Summit Condominium
summit hill,0,1,0,0,1,Summit Hill
sulpher spring,0,1,0,0,1,Sulpher Spring
sulphur springs,0,0,1,0,1,Sulphur Springs
union square,0,0,1,0,1,Union Square
summerfield replat,0,0,0,1,1,SUMMERFIELD REPLAT
sububan home,0,0,1,0,1,Sububan Home
suburban homes addition,0,0,0,1,1,Suburban Homes Addition
sugar creek replat 2,0,0,0,1,1,SUGAR CREEK REPLAT 2
sullivans,0,0,0,1,1,SULLIVANS
sullivans add,1,0,0,0,1,SULLIVANS ADD
stratford park offers great green spaces and a community pool.,1,0,0,0,1,STRATFORD PARK offers great green spaces and a community pool.
stricklands,0,0,1,0,1,STRICKLANDS
stricklands subdivision,0,0,0,1,1,STRICKLANDS Subdivision
subdivision,0,0,1,0,1,Subdivision
summer hills farms,0,0,1,0,1,Summer Hills Farms
stoney brook,1,0,0,0,1,Stoney Brook
stony brook replat ll,0,1,0,0,1,Stony Brook Replat ll
stonybrook replat,0,0,1,0,1,Stonybrook Replat
stratford park lot 390 block 0 irreg,1,0,0,0,1,STRATFORD PARK LOT 390 BLOCK 0 IRREG
benson replat 9,1,0,0,0,1,Benson Replat 9
bensonale acres,0,0,0,1,1,BENSONALE ACRES
bensoncrest addition replat 5* lot 1 block 0 irreg,0,0,1,0,1,BENSONCREST ADDITION REPLAT 5* LOT 1 BLOCK 0 IRREG
bensonvale,1,0,0,0,1,BENSONVALE
bensonvale acres rep 4 lot 1 block 0 66 x 140,0,1,0,0,1,Bensonvale Acres Rep 4 Lot 1 Block 0 66 x 140
stone ridge villas,0,1,0,0,1,Stone Ridge Villas
bent tree condominium regime,0,0,0,1,1,BENT TREE CONDOMINIUM REGIME
benson garden,0,0,1,0,1,Benson Garden
benson gardens estates,0,0,0,1,1,BENSON GARDENS ESTATES
benson gardens lot 43 block 0 1 ac,0,0,0,1,1,Benson Gardens Lot 43 Block 0 1 AC
benson gardens replat 25,0,0,0,1,1,BENSON GARDENS REPLAT 25
benson gardens replat iv,0,0,1,0,1,Benson Gardens Replat IV
benson lot,1,0,0,0,1,Benson Lot
benson lot w 50 e 450 s 300 ft 50 x 300,1,0,0,0,1,BENSON LOT W 50 E 450 S 300 FT 50 X 300
stone ridge rep 2,0,0,0,1,1,STONE RIDGE REP 2
stone ridge rep 5 lot 103 block 0 55.50/115,1,0,0,0,1,Stone Ridge REP 5 LOT 103 BLOCK 0 55.50/115
bent tree,1,0,0,0,1,Bent Tree
bellevue & vac st adj,1,0,0,0,1,Bellevue & Vac St Adj
bellevue block,0,1,0,0,1,Bellevue Block
sunshine add lot 193 block 0,1,0,0,0,1,Sunshine add Lot 193 Block 0
sunshine add lot 79 block 0 40 x 153.5,0,1,0,0,1,SUNSHINE ADD LOT 79 BLOCK 0 40 X 153.5
sunshine farms lot 159 block 0 w 1/2 lt 158 & all,0,0,0,1,1,SUNSHINE FARMS LOT 159 BLOCK 0 W 1/2 LT 158 & ALL
sunshine meadow,0,0,0,1,1,Sunshine Meadow
sunshine meadows rep 2*,0,0,1,0,1,SUNSHINE MEADOWS REP 2*
sunset addition,1,0,0,0,1,Sunset Addition
sunset hills lot 2 block 1 irreg,0,1,0,0,1,Sunset Hills Lot 2 Block 1 IRREG
suberban homes,1,0,0,0,1,Suberban Homes
sunset valley apts condominiums,0,0,0,1,1,Sunset Valley Apts Condominiums
sunset valley condominium,0,1,0,0,1,SUNSET VALLEY CONDOMINIUM
sunny slope 4th add lot 5,0,0,1,0,1,Sunny Slope 4th Add Lot 5
sunny slope 4th addition,0,0,0,1,1,Sunny Slope 4th Addition
sunny slope second addition,0,0,1,0,1,Sunny Slope Second Addition
sunny sloppe 3rd platting-1st add,0,0,1,0,1,Sunny Sloppe 3rd Platting-1st add
sunny slope 1st addition,0,0,1,0,1,Sunny Slope 1st Addition
sunny slope 3rd,0,1,0,0,1,Sunny Slope 3rd
sunny slope 3rd addition,1,0,0,0,1,Sunny Slope 3rd Addition
sunny slope 3rd platting,0,0,1,0,1,SUNNY SLOPE 3RD PLATTING
sunset ridge two,0,0,1,0,1,Sunset Ridge Two
sublot 14 of lot 174 sunridge,0,1,0,0,1,SUBLOT 14 OF LOT 174 SUNRIDGE
sunburst condominium,1,0,0,0,1,Sunburst Condominium
suncrest / thomsen mile west,0,0,0,1,1,SUNCREST / THOMSEN MILE WEST
suncrest/thomsen mile west,0,0,0,1,1,Suncrest/Thomsen Mile West
sundown acres,0,1,0,0,1,Sundown Acres
sunhill,0,1,0,0,1,Sunhill
belvedere heights lot 36 block 0 41 x 120.25,0,1,0,0,1,BELVEDERE HEIGHTS LOT 36 BLOCK 0 41 X 120.25
bennington lake replat 5,0,1,0,0,1,BENNINGTON LAKE REPLAT 5
bennington lake replat 6,0,0,1,0,1,BENNINGTON LAKE REPLAT 6
belleaire heights,1,0,0,0,1,Belleaire Heights
sun country,0,1,0,0,1,Sun Country
bellevue blocks orig town,1,0,0,0,1,BELLEVUE BLOCKS ORIG TOWN
bellevue blocks original town,0,1,0,0,1,Bellevue Blocks Original Town
bellevue city,0,0,1,0,1,Bellevue City
belmont add lot 159 block 0,0,0,1,0,1,Belmont add Lot 159 Block 0
belmont addition,0,0,1,0,1,Belmont Addition
belvedere addition,0,0,1,0,1,Belvedere Addition
summit rdg,1,0,0,0,1,SUMMIT RDG
summit ridge replat four,0,1,0,0,1,SUMMIT RIDGE REPLAT FOUR
summit ridge replat one,0,0,1,0,1,Summit Ridge Replat One
bennington lake/newport landing,0,1,0,0,1,Bennington Lake/Newport Landing
blue sage phase 3,0,0,0,1,1,Blue Sage Phase 3
blue sage villas / tuscan ridge,0,0,1,0,1,Blue Sage Villas / Tuscan Ridge
spruce abbey / spruce 180 / spruceridge,0,1,0,0,1,Spruce Abbey / Spruce 180 / SpruceRidge
spruce abbey or spruce 180,0,0,0,1,1,Spruce Abbey or Spruce 180
spruce abby,1,0,0,0,1,Spruce Abby
spruce i,1,0,0,0,1,Spruce I
spruce 180 /spruce ridge/ blondo ridges,0,1,0,0,1,Spruce 180 /Spruce Ridge/ Blondo Ridges
spruce 180 lot 76,0,0,1,0,1,Spruce 180 lot 76
spruce 180 spruce abbey,1,0,0,0,1,Spruce 180 Spruce Abbey
stones throw,0,1,0,0,1,Stones Throw
spruce 180/blondo ridges/spruce ridge,0,1,0,0,1,Spruce 180/Blondo Ridges/Spruce Ridge
spruce abbey - spruce 180,1,0,0,0,1,Spruce Abbey - Spruce 180
springfield industrial park,0,0,1,0,1,Springfield Industrial Park
springfield pines replat,1,0,0,0,1,Springfield Pines Replat
spruce 180 / spruce ridge / blondo ridges,1,0,0,0,1,Spruce 180 / Spruce Ridge / Blondo Ridges
spring ridge rep i,1,0,0,0,1,Spring Ridge Rep I
spring ridge replat 3,0,1,0,0,1,Spring Ridge Replat 3
spring ridge replat one,0,0,1,0,1,SPRING RIDGE REPLAT ONE
spring ridge villas,0,1,0,0,1,Spring Ridge Villas
springbrook pines,1,0,0,0,1,Springbrook Pines
"spruce 180, spruce abbey",0,0,1,0,1,"Spruce 180, Spruce Abbey"
southbridge condo prop reg,0,0,1,0,1,SOUTHBRIDGE CONDO PROP REG
southbridge condo property regime,0,0,1,0,1,Southbridge Condo Property Regime
southby common,0,0,1,0,1,Southby Common
southby commons,0,0,1,0,1,SOUTHBY COMMONS
spearmans add,0,0,1,0,1,Spearmans Add
spring green villas,0,0,0,1,1,SPRING GREEN VILLAS
spring ridge lts 1 - 211 & ol a b c,0,1,0,0,1,SPRING RIDGE LTS 1 - 211 & OL A B C
spring ridge lts 1 - 211 & ol a b c lot 78 block 0 irreg,0,1,0,0,1,SPRING RIDGE LTS 1 - 211 & OL A B C LOT 78 BLOCK 0 IRREG
southwind addition,0,0,0,1,1,Southwind Addition
blue sage creek3,0,0,0,1,1,Blue Sage Creek3
spaulding replat no 1,0,0,0,1,1,SPAULDING REPLAT NO 1
spaulding replat no i,0,0,0,1,1,Spaulding Replat No I
blue stem,1,0,0,0,1,BLUE STEM
blue stern meadows,1,0,0,0,1,Blue Stern Meadows
bluestem meadows lot 96 block 0 lot 96,0,0,1,0,1,BLUESTEM MEADOWS LOT 96 BLOCK 0 LOT 96
bluestem meadows lot 97 block 0 lot 97,0,0,0,1,1,BLUESTEM MEADOWS LOT 97 BLOCK 0 LOT 97
bluestem meadows villa,0,0,1,0,1,Bluestem Meadows Villa
bluff view add,1,0,0,0,1,BLUFF VIEW ADD
blue sage creek ii,0,0,0,1,1,Blue Sage Creek II
blue sage creek phase 2,0,1,0,0,1,Blue Sage Creek Phase 2
spanish village cond,0,0,1,0,1,SPANISH VILLAGE COND
stone creek villas,0,0,1,0,1,Stone Creek Villas
stone crest,0,0,1,0,1,Stone Crest
stone gate,1,0,0,0,1,Stone Gate
stillmeadows,1,0,0,0,1,Stillmeadows
stockmans hollow replat five,0,0,1,0,1,STOCKMANS HOLLOW REPLAT FIVE
stockmans hollow replat three,0,1,0,0,1,STOCKMANS HOLLOW REPLAT THREE
bldg 6 unit d westmont condominium property regime no. 1,0,1,0,0,1,BLDG 6 UNIT D WESTMONT CONDOMINIUM PROPERTY REGIME NO. 1
blessies first addn rep 1,0,0,1,0,1,Blessies First Addn Rep 1
block 8 replat,0,0,0,1,1,Block 8 Replat
springdale add,0,1,0,0,1,SPRINGDALE ADD
blodgett and krajacics,1,0,0,0,1,Blodgett and Krajacics
blonde ridges,1,0,0,0,1,Blonde Ridges
black hawk,1,0,0,0,1,Black Hawk
blackstone townhomes,0,0,0,1,1,Blackstone Townhomes
blahas,0,1,0,0,1,Blahas
blaine place,0,1,0,0,1,BLAINE PLACE
blairwood forest,0,0,0,1,1,Blairwood Forest
blankmans addition,0,0,0,1,1,Blankmans Addition
beranek subdivision,0,0,0,1,1,BERANEK SUBDIVISION
bessey place two,0,1,0,0,1,BESSEY PLACE TWO
blodgett & krajacis 2nd,0,0,0,1,1,BLODGETT & KRAJACIS 2ND
springdale addition,0,0,0,1,1,SPRINGDALE ADDITION
beverly manor condos,0,0,1,0,1,Beverly Manor Condos
biggs,0,0,0,1,1,BIGGS
birchfield 2nd,0,0,0,1,1,BIRCHFIELD 2ND
birchfield ii,0,1,0,0,1,Birchfield II
stanton place,0,0,0,1,1,Stanton Place
sterling park,0,0,0,1,1,Sterling Park
beverly & rogers sub div,1,0,0,0,1,BEVERLY & ROGERS SUB DIV
beverly hills addition,0,1,0,0,1,Beverly Hills Addition
standing bear east,0,1,0,0,1,Standing Bear East
stone creek village condos,0,1,0,0,1,Stone Creek Village Condos
standing bear village rep 1,0,0,0,1,1,Standing Bear Village Rep 1
standing bear villages,0,0,0,1,1,Standing bear Villages
standing bear west lot 142,0,1,0,0,1,Standing Bear West Lot 142
spruce ridge / blondo ridge,0,1,0,0,1,Spruce Ridge / Blondo Ridge
st clare condominiums,0,1,0,0,1,ST CLARE CONDOMINIUMS
st mary's,0,0,1,0,1,St Mary's
st marys lot 7 block 1 all lots 6 & 84x125,0,1,0,0,1,ST MARYS LOT 7 BLOCK 1 ALL LOTS 6 & 84X125
stone creek replat 1,0,0,1,0,1,Stone Creek Replat 1
stone creek village condo,1,0,0,0,1,Stone Creek Village Condo
stone creek village condo regime,0,1,0,0,1,Stone Creek Village Condo Regime
standing bear replat,0,0,0,1,1,Standing Bear Replat
torrey pines rep 1,0,0,1,0,1,TORREY PINES REP 1
torrey pines villas,1,0,0,0,1,Torrey Pines Villas
tomahawk,0,0,0,1,1,Tomahawk
tomahawk hills 2nd,0,1,0,0,1,Tomahawk Hills 2nd
tomahawk hills 2nd addition,0,0,0,1,1,Tomahawk Hills 2nd Addition
tomahawk hills 5th,0,0,0,1,1,Tomahawk Hills 5th
tomahawk hills 7th,0,1,0,0,1,Tomahawk Hills 7th
timber shore,0,0,0,1,1,Timber Shore
timberland est,0,0,0,1,1,Timberland Est
sunny slope 3rd platting-1st add,0,1,0,0,1,Sunny Slope 3rd Platting-1st Add
timberline estates,0,1,0,0,1,Timberline Estates
timberslopes,0,0,1,0,1,Timberslopes
timberslopes second add,1,0,0,0,1,Timberslopes Second Add
timmerman acres,1,0,0,0,1,Timmerman Acres
tiburon/ballena,0,0,0,1,1,Tiburon/Ballena
tiller,1,0,0,0,1,Tiller
timber creek iii,0,0,0,1,1,Timber Creek III
banses replat,0,0,0,1,1,BANSES REPLAT
banses second add,0,0,1,0,1,Banses Second Add
banses second add lot 17 block 0 60 x 135,0,1,0,0,1,BANSES SECOND ADD LOT 17 BLOCK 0 60 X 135
timberlane estates,1,0,0,0,1,Timberlane Estates
thortsen,0,0,0,1,1,THORTSEN
thortsen add,0,0,1,0,1,THORTSEN ADD
thousand oaks,0,0,0,1,1,Thousand Oaks
tiburon - ballena,0,0,0,1,1,Tiburon - Ballena
tiburon / fairway pointe,1,0,0,0,1,Tiburon / Fairway Pointe
bedford park add,0,0,0,1,1,BEDFORD PARK ADD
bedford place 2nd add,0,0,1,0,1,Bedford Place 2nd Add
beebe + runyan,0,1,0,0,1,Beebe + Runyan
beebe and runyan condominium,1,0,0,0,1,Beebe and Runyan Condominium
torczons first add,0,0,0,1,1,TORCZONS FIRST ADD
bel air 2nd add,0,0,1,0,1,Bel Air 2nd Add
bel air add,0,0,0,1,1,Bel Air Add
becker's,0,0,1,0,1,BECKER'S
becker's 2nd addition,0,0,0,1,1,BECKER'S 2ND ADDITION
becker's 3rd addition,1,0,0,0,1,BECKER'S 3RD ADDITION
beckers,0,0,0,1,1,BECKERS
beckers 2nd,0,1,0,0,1,Beckers 2nd
tomahawk lot,1,0,0,0,1,Tomahawk Lot
tomhawk hills,0,0,1,0,1,Tomhawk Hills
torczons,0,1,0,0,1,Torczons
beebee runyan,1,0,0,0,1,Beebee Runyan
trendwood 3rd add,0,0,1,0,1,TRENDWOOD 3RD ADD
trendwood 4th add,0,0,0,1,1,TRENDWOOD 4TH ADD
trenwood,1,0,0,0,1,Trenwood
troxells,0,1,0,0,1,Troxells
trumble's south slope addition,0,0,1,0,1,TRUMBLE'S SOUTH SLOPE ADDITION
bartak,0,0,1,0,1,Bartak
baumans 1st add to west,1,0,0,0,1,BAUMANS 1ST ADD TO WEST
baumans 1st add to west side,0,0,0,1,1,BAUMANS 1ST ADD TO WEST SIDE
bay meadows addition,0,1,0,0,1,Bay Meadows Addition
banses second addition,0,1,0,0,1,Banses Second Addition
bayberry condo,0,0,0,1,1,BAYBERRY CONDO
bares 2nd addition replat 1,0,0,1,0,1,BARES 2ND ADDITION REPLAT 1
barkers,0,1,0,0,1,BARKERS
barkers allotments,0,0,0,1,1,Barkers Allotments
barkers sub div sec 34-15-13,0,0,0,1,1,BARKERS SUB DIV SEC 34-15-13
barretts subdivision,0,0,0,1,1,Barretts Subdivision
barrington place 3 replat 1,0,1,0,0,1,BARRINGTON PLACE 3 Replat 1
underwood park 1st add lot 143 block 0 irreg,1,0,0,0,1,UNDERWOOD PARK 1ST ADD LOT 143 BLOCK 0 IRREG
underwood park 2nd add,0,0,0,1,1,UNDERWOOD PARK 2ND ADD
union place,0,0,0,1,1,Union Place
bay woods,0,1,0,0,1,Bay Woods
barbes add,0,1,0,0,1,BARBES ADD
bare's,0,0,1,0,1,Bare's
tranquility view 4th addition,0,0,0,1,1,TRANQUILITY VIEW 4TH ADDITION
treeland hills,0,0,0,1,1,TREELAND HILLS
trendwood 2,0,1,0,0,1,Trendwood 2
trendwood 2nd add repeat 2,1,0,0,0,1,Trendwood 2nd Add Repeat 2
trendwood 2nd add replat 2 lot 14 block 17a irreg,0,0,0,1,1,Trendwood 2nd ADD Replat 2 Lot 14 Block 17A IRREG
towns at little italy the rep 1*,0,0,0,1,1,TOWNS AT LITTLE ITALY THE REP 1*
tracy terrace,1,0,0,0,1,Tracy Terrace
trailside acres,0,0,1,0,1,TRAILSIDE ACRES
trendwood 2nd addition,1,0,0,0,1,Trendwood 2nd Addition
towls 1st add to so omaha,0,1,0,0,1,Towls 1st Add to So Omaha
town and country,1,0,0,0,1,Town and Country
townhomes riverside lakes,0,0,0,1,1,Townhomes Riverside Lakes
towns 2 at little italy,0,0,1,0,1,TOWNS 2 AT LITTLE ITALY
tudor arms condo property regime,1,0,0,0,1,Tudor Arms Condo Property Regime
turnbridge addition,0,1,0,0,1,Turnbridge Addition
turnbridge rep one,0,0,1,0,1,TURNBRIDGE REP ONE
turner park neighborhood,0,1,0,0,1,Turner Park Neighborhood
tuscan ridge replat one,0,0,1,0,1,TUSCAN RIDGE REPLAT ONE
tuscan ridge villas,0,1,0,0,1,Tuscan Ridge Villas
tranquility park,1,0,0,0,1,Tranquility Park
swanson's addition,0,0,0,1,1,Swanson's Addition
the cove at north shore,1,0,0,0,1,The Cove at North Shore
the drove,1,0,0,0,1,The Drove
the estates at loveland,0,1,0,0,1,The Estates at Loveland
the gables,0,0,0,1,1,The Gables
the highlander,0,1,0,0,1,THE HIGHLANDER
the hills,1,0,0,0,1,The Hills
belle meade condo 2nd amndt. belle meade condo 2nd amdmnt lot g29 blk0,1,0,0,0,1,Belle Meade Condo 2nd Amndt. BELLE MEADE CONDO 2ND AMDMNT LOT G29 Blk0
belleaire,0,0,1,0,1,Belleaire
thorntons 1st add,0,0,0,1,1,Thorntons 1st ADD
the colonies replat iv,1,0,0,0,1,The Colonies Replat IV
the colonies replat vi,0,0,0,1,1,THE COLONIES REPLAT VI
bellair replat 2,0,1,0,0,1,Bellair Replat 2
bellaire hillside,0,0,0,1,1,Bellaire Hillside
bel-air 2nd add,0,0,0,1,1,BEL-AIR 2nd ADD
bel-air villiage addition,0,1,0,0,1,Bel-Air Villiage Addition
belevedere,0,1,0,0,1,Belevedere
bella machree,1,0,0,0,1,Bella Machree
bella west replat iii,0,0,0,1,1,Bella West Replat III
the ridges fairway ridge,0,0,1,0,1,The Ridges Fairway Ridge
the colonies at cedar crest,0,0,1,0,1,The Colonies at Cedar Crest
terra cotta,0,1,0,0,1,Terra Cotta
terra linda,0,0,1,0,1,TERRA LINDA
terra linda estates,1,0,0,0,1,Terra Linda Estates
terra-linda estates,0,0,0,1,1,TERRA-LINDA ESTATES
terry's acres,0,1,0,0,1,Terry's Acres
tesars 1st addition,0,0,0,1,1,Tesars 1st Addition
tax lot,0,0,0,1,1,tax lot
tax lot 14a2a7 25-14-13 (.294 ac),0,0,0,1,1,TAX LOT 14A2A7 25-14-13 (.294 AC)
tax lot 6c1,0,0,0,1,1,Tax Lot 6c1
swanson's,1,0,0,0,1,Swanson's
taylors add,1,0,0,0,1,TAYLORS ADD
tegtmeiers,0,1,0,0,1,Tegtmeiers
tegtmeiers replat,0,0,0,1,1,Tegtmeiers Replat
swetnams sub div,0,0,0,1,1,Swetnams Sub Div
switzers addition,0,0,0,1,1,Switzers Addition
syndicate hill replat lot 9 lots 8 & 9 blk 1 80 x 139,0,0,1,0,1,SYNDICATE HILL REPLAT LOT 9   LOTS 8 & 9 BLK 1 80 X 139
syndicate place,1,0,0,0,1,Syndicate Place
tara height,1,0,0,0,1,Tara Height
sunvalley,0,0,1,0,1,Sunvalley
svageras,0,0,1,0,1,Svageras
taylor's addition,1,0,0,0,1,Taylor's Addition
thomason & goos add lot 2 block 7 lots 1 & 128.3 x 110,0,0,0,1,1,THOMASON & GOOS ADD LOT 2 BLOCK 7 LOTS 1 & 128.3 X 110
thomason and goos add,1,0,0,0,1,Thomason and Goos Add
thompson place,0,0,1,0,1,Thompson Place
thompson's addition to south papillion,0,1,0,0,1,THOMPSON'S ADDITION TO SOUTH PAPILLION
the townhomes village,0,0,0,1,1,The Townhomes Village
the villages on sprague,1,0,0,0,1,the Villages on Sprague
the villas at piney creek,1,0,0,0,1,The Villas at Piney Creek
the villas at skyline woods,0,0,1,0,1,The Villas at Skyline Woods
the villas at the grove,0,0,1,0,1,THE VILLAS AT THE GROVE
"the ridges, double creek estates",0,0,0,1,1,"The Ridges, Double Creek Estates"
the tiburon pointe condominium property regime,0,0,0,1,1,The Tiburon Pointe Condominium Property Regime
the town/willow springs,1,0,0,0,1,The Town/Willow Springs
the townhomes at village pointe,1,0,0,0,1,The Townhomes at Village Pointe
the townhomes of village point,0,1,0,0,1,The Townhomes of Village Point
tiburon / fairway pointe 2,0,0,1,0,1,Tiburon / Fairway Pointe 2
tiburon ballena,0,1,0,0,1,Tiburon Ballena
tiburon fairway point,0,1,0,0,1,Tiburon Fairway Point
tiburon south (ballena),0,0,0,1,1,Tiburon South (Ballena)
bel air village add,0,0,0,1,1,BEL AIR VILLAGE ADD
thomsen addition,0,0,0,1,1,THOMSEN ADDITION
the tiburon pointe condominium property,0,0,1,0,1,THE TIBURON POINTE CONDOMINIUM PROPERTY
the sandhills,0,0,0,1,1,The Sandhills
the shadows,0,0,1,0,1,The Shadows
the south hamptons,1,0,0,0,1,The South Hamptons
the prairies replat 4,0,1,0,0,1,The Prairies Replat 4
the preserve,0,0,0,1,1,The Preserve
the preserve / the preserve at the farm,0,0,0,1,1,The Preserve / The Preserve at the Farm
the preserve at the farm,0,0,0,1,1,The Preserve at the Farm
the reserve at schram pointe,1,0,0,0,1,the Reserve at Schram Pointe
the residences west dodge station,1,0,0,0,1,The Residences West Dodge Station
the meadows replat vii,0,0,0,1,1,The Meadows Replat VII
thomas riverside acres,1,0,0,0,1,Thomas Riverside Acres
the medows,0,0,0,1,1,The Medows
the oaks of fontenelle condo property reg,0,0,1,0,1,THE OAKS OF FONTENELLE CONDO PROPERTY REG
the oaks replat 2nd,0,0,1,0,1,THE OAKS REPLAT 2ND
the paxton,0,0,0,1,1,The Paxton
the meadows replat ii,0,0,0,1,1,The Meadows Replat II
bb1 bellevue blocks,1,0,0,0,1,BB1 BELLEVUE BLOCKS
be beau,0,0,1,0,1,Be Beau
beadles subdivision,0,0,0,1,1,BEADLES SUBDIVISION
thomas & sears add,0,0,0,1,1,Thomas & Sears Add
thomas and sears,0,1,0,0,1,THOMAS AND SEARS
the meadows replat viii,0,0,1,0,1,The Meadows Replat Viii
jensen 2nd addition,0,1,0,0,1,Jensen 2nd Addition
iron ridge,0,1,0,0,1,IRON RIDGE
isaac & seldens,1,0,0,0,1,Isaac & Seldens
isaacs & seldens add,1,0,0,0,1,ISAACS & SELDENS ADD
isaacs and seldens,0,0,1,0,1,Isaacs and Seldens
isabel add,0,0,0,1,1,Isabel Add
iskes second subdivision,0,0,1,0,1,ISKES SECOND SUBDIVISION
jackson street condo,0,0,1,0,1,Jackson Street Condo
dillion 6th addition,0,0,1,0,1,DILLION 6TH ADDITION
dillion benson,0,0,0,1,1,Dillion Benson
cherry garden condo regime,0,1,0,0,1,Cherry Garden Condo Regime
dillions benson,0,0,1,0,1,Dillions Benson
dillon's,0,1,0,0,1,Dillon's
detweiler place replat,0,0,0,1,1,DETWEILER PLACE REPLAT
devonshire estates replat 1,1,0,0,0,1,DEVONSHIRE ESTATES REPLAT 1
dewey place replat 1,0,0,0,1,1,DEWEY PLACE REPLAT 1
dietz,0,1,0,0,1,Dietz
dietz -gould- 1st,0,0,0,1,1,DIETZ -GOULD- 1ST
dietz -gould- 2nd add,0,0,1,0,1,DIETZ -GOULD- 2ND ADD
johnson thomas,1,0,0,0,1,Johnson Thomas
joslyn castle,1,0,0,0,1,JOSLYN CASTLE
junction view,1,0,0,0,1,Junction View
dillions add,0,1,0,0,1,Dillions Add
denkers,0,1,0,0,1,Denkers
dennis owens addition,0,1,0,0,1,Dennis Owens Addition
detweiler,0,0,0,1,1,Detweiler
detweiler place lot 9 block 1,0,0,1,0,1,Detweiler Place Lot 9 Block 1
inmans replat,1,0,0,0,1,INMANS REPLAT
instilute place,1,0,0,0,1,Instilute Place
institute place lot 18 block 2 50 x 128,0,1,0,0,1,Institute Place Lot 18 Block 2 50 X 128
irene place - blk 3,1,0,0,0,1,Irene Place - BLK 3
denise add,1,0,0,0,1,Denise Add
denises add,1,0,0,0,1,Denises ADD
indian hills,0,1,0,0,1,Indian Hills
jensen,0,0,1,0,1,Jensen
indian point,1,0,0,0,1,Indian Point
indian pointe west,0,0,0,1,1,Indian Pointe West
indian ponte,0,1,0,0,1,INDIAN PONTE
iler additon,0,0,0,1,1,Iler Additon
imp only long island gravel co land located on ta..,0,0,0,1,1,IMP ONLY LONG ISLAND GRAVEL CO LAND LOCATED ON TA..
improvement ass,0,0,1,0,1,Improvement Ass
incontro village,0,1,0,0,1,Incontro Village
indian creek landing 2,1,0,0,0,1,Indian Creek Landing 2
jacksons sub div,0,1,0,0,1,Jacksons Sub Div
jefferson place addition,0,1,0,0,1,Jefferson Place Addition
jefferson place additionn,0,0,1,0,1,JEFFERSON PLACE ADDITIONN
indian hills villa,1,0,0,0,1,Indian Hills Villa
kempten creek replat 1,0,0,0,1,1,Kempten Creek Replat 1
kemptown heights,1,0,0,0,1,Kemptown Heights
kendalls add,0,0,0,1,1,KENDALLS ADD
kennedy ridge townhomes,0,0,1,0,1,Kennedy Ridge Townhomes
kensington,1,0,0,0,1,Kensington
karen western,0,0,0,1,1,Karen Western
karstens replat lot 2 block 0,0,1,0,0,1,Karstens Replat Lot 2 Block 0
katherine addition 2.91 ac,0,1,0,0,1,KATHERINE ADDITION 2.91 AC
kellys,0,1,0,0,1,Kellys
kinglake,1,0,0,0,1,Kinglake
junction view terrace,1,0,0,0,1,Junction View Terrace
kingswood,1,0,0,0,1,Kingswood
kingwood estates,0,0,0,1,1,Kingwood Estates
deer park lot 19 block 6 48 x 127,0,1,0,0,1,DEER PARK LOT 19 BLOCK 6 48 X 127
deer trails,0,0,0,1,1,Deer Trails
deercreek highlands northeast,0,0,1,0,1,Deercreek Highlands Northeast
dellones,0,0,1,0,1,DELLONES
dellones - fred-add,0,1,0,0,1,DELLONES - FRED-ADD
dellones-fred add,0,1,0,0,1,Dellones-Fred ADD
deer creek high,0,1,0,0,1,Deer Creek High
deer creek highlands ne,0,1,0,0,1,Deer Creek Highlands NE
deer creek highlands northwest,0,1,0,0,1,Deer Creek Highlands Northwest
kingsburry hills,1,0,0,0,1,KINGSBURRY HILLS
karen add lot 45 block 0 55 x 102.2,0,1,0,0,1,KAREN ADD LOT 45 BLOCK 0 55 X 102.2
jllofts condominiums,1,0,0,0,1,jLlofts Condominiums
jlofts condominiums,1,0,0,0,1,jLofts Condominiums
jewel dale,0,0,0,1,1,Jewel Dale
jewel terrace,1,0,0,0,1,Jewel Terrace
jewell place replat ii,0,1,0,0,1,Jewell Place Replat II
jewell terrace replat 1,0,0,0,1,1,Jewell Terrace Replat 1
jewett addition,0,1,0,0,1,Jewett Addition
jensens 2nd add,0,1,0,0,1,Jensens 2nd Add
jensens 3rd add,0,1,0,0,1,Jensens 3rd Add
jensens 3rd add lot 4,1,0,0,0,1,Jensens 3rd Add Lot 4
kempten creek lot 179 block 0 lot 179,0,0,1,0,1,KEMPTEN CREEK LOT 179 BLOCK 0 LOT 179
jetters,1,0,0,0,1,Jetters
keystone park lot 7 block 0 s 141 n 174 e 100 w 533 ft,0,0,0,1,1,KEYSTONE PARK LOT 7 BLOCK 0 S 141 N 174 E 100 W 533 FT
keystone valley,0,0,0,1,1,Keystone Valley
"kilby place, omaha's historic gold coast district",0,0,1,0,1,"Kilby Place, Omaha's Historic Gold Coast District"
kildow addition,0,0,0,1,1,KILDOW ADDITION
kiltera villas lot 1 block 0 irreg,0,0,1,0,1,KILTERA VILLAS LOT 1 BLOCK 0 IRREG
kensington terrace,1,0,0,0,1,Kensington Terrace
kents addition,0,1,0,0,1,Kents Addition
keystone /anderson,1,0,0,0,1,Keystone /Anderson
keystone gardens,1,0,0,0,1,Keystone Gardens
keystone lawns lot 42 block 0 irreg,0,1,0,0,1,KEYSTONE LAWNS LOT 42 BLOCK 0 IRREG
jensens replat- happy hollow view,1,0,0,0,1,Jensens Replat- Happy Hollow View
hillsdale add,1,0,0,0,1,Hillsdale Add
hillsdale add-to so omah,0,0,1,0,1,HILLSDALE ADD-TO SO OMAH
hillsdale add-to so omaha,0,0,0,1,1,HILLSDALE ADD-TO SO OMAHA
hillsdale addition,0,1,0,0,1,Hillsdale Addition
hillside add-1,1,0,0,0,1,HILLSIDE ADD-1
hillsborough estate,0,1,0,0,1,Hillsborough Estate
hillsborough estates lot 21 block 0 irreg,1,0,0,0,1,HILLSBOROUGH ESTATES LOT 21 BLOCK 0 IRREG
hillsborough estates villas,0,0,1,0,1,Hillsborough Estates Villas
hillsborough lot,0,1,0,0,1,HILLSBOROUGH LOT
hillsborough rep 24*,0,0,0,1,1,HILLSBOROUGH REP 24*
denisses add,0,0,1,0,1,DENISSES ADD
dillons 3rd add,0,0,1,0,1,DILLONS 3RD ADD
dillons 5th,1,0,0,0,1,Dillons 5th
dillons 6th addition,0,1,0,0,1,Dillons 6th Addition
dillons 7th addition,0,0,1,0,1,DILLONS 7th ADDITION
hogans,0,0,1,0,1,Hogans
hogans addition,0,0,1,0,1,HOGANS ADDITION
holmes,0,0,1,0,1,HOLMES
dillon's 8th add,1,0,0,0,1,Dillon's 8th Add
dillons 10th,1,0,0,0,1,Dillons 10th
himebaughs add,0,1,0,0,1,HIMEBAUGHS ADD
himebaughs add blk 1,0,0,0,1,1,HIMEBAUGHS ADD BLK 1
dillons 3rd,0,0,1,0,1,DILLONS 3RD
highway 370 mixed-use development monrovia estates,0,0,0,1,1,HIGHWAY 370 MIXED-USE DEVELOPMENT Monrovia Estates
hill of aspen creek,0,0,1,0,1,Hill of Aspen Creek
hill top of oak hills,0,0,0,1,1,Hill top of Oak Hills
highland place,0,0,0,1,1,Highland Place
highland valley,0,0,0,1,1,Highland Valley
highland view,0,1,0,0,1,Highland View
highland view. lot 25 block 2 1/2 vac lot alley & e 25 feet lot 24 & w,0,0,0,1,1,Highland View. Lot 25 Block 2 1/2 Vac lot Alley & E 25 feet Lot 24 & W
highlands hills,1,0,0,0,1,Highlands Hills
highland addition,0,1,0,0,1,Highland Addition
highland gardens add,1,0,0,0,1,HIGHLAND GARDENS ADD
highland gardens addition,0,1,0,0,1,HIGHLAND GARDENS ADDITION
hillsborough/replat 111,0,0,1,0,1,Hillsborough/replat 111
highland hills lot 37 block 0 lt 37,0,1,0,0,1,HIGHLAND HILLS LOT 37 BLOCK 0 LT 37
hilltop gardens,0,0,0,1,1,HILLTOP GARDENS
hilltop hights,0,0,1,0,1,HILLTOP HIGHTS
hilltop of oak hills,0,0,1,0,1,Hilltop of Oak Hills
hilltop of oak hills highland,0,0,1,0,1,Hilltop of Oak Hills Highland
hilltop of oak hills highlands,0,0,1,0,1,HILLTOP OF OAK HILLS HIGHLANDS
hilltop of oak hills highlandsthe,0,0,1,0,1,HILLTOP OF OAK HILLS HIGHLANDSTHE
hillside forest replat,0,0,0,1,1,Hillside Forest Replat
hillside subdivision,0,1,0,0,1,Hillside Subdivision
hilltop 2nd add,1,0,0,0,1,Hilltop 2nd add
hilltop addition,1,0,0,0,1,Hilltop Addition
highland gardens lot 15 block 2 w 50 ft lot 14 & all lot 15,0,0,0,1,1,HIGHLAND GARDENS LOT 15 BLOCK 2 W 50 FT LOT 14 & ALL LOT 15
dillons benson add lot 7 block 1 irreg,0,0,0,1,1,DILLONS BENSON ADD LOT 7 BLOCK 1 IRREG
dillons benson add.,0,0,1,0,1,Dillons Benson Add.
dillons fairacres add lot 16 block 5 irreg,1,0,0,0,1,Dillons Fairacres ADD Lot 16 Block 5 Irreg
dillons fouracres,0,1,0,0,1,Dillons FourAcres
hurts addn,1,0,0,0,1,HURTS Addn
hyda hills lot 42.,1,0,0,0,1,HYDA HILLS  LOT 42.
iler addition dcn,0,0,1,0,1,Iler Addition DCN
hunters crossing 2nd addition,0,1,0,0,1,HUNTERS CROSSING 2ND ADDITION
hunters crossing 3rd addition,1,0,0,0,1,Hunters Crossing 3rd Addition
hunters crosssing,1,0,0,0,1,Hunters Crosssing
hinrichs,0,0,0,1,1,Hinrichs
hunts replat,1,0,0,0,1,Hunts Replat
hurt's,0,0,0,1,1,Hurt's
howes add,1,0,0,0,1,Howes Add
howlands 1st add,0,0,0,1,1,HOWLANDS 1ST ADD
hunter's ridge,0,0,1,0,1,Hunter's Ridge
hoppe-kildow addition,0,0,0,1,1,Hoppe-Kildow Addition
hoppers add.,1,0,0,0,1,Hoppers Add.
hoppers addition to elkhorn sub.,0,1,0,0,1,Hoppers Addition to Elkhorn Sub.
housel & stebbins sub,0,0,0,1,1,HOUSEL & STEBBINS SUB
housel and stebbins,1,0,0,0,1,Housel and Stebbins
howard st-a condo,0,1,0,0,1,HOWARD ST-A CONDO
huntington,0,0,0,1,1,Huntington
hitchcocks 1st,1,0,0,0,1,HITCHCOCKS 1ST
hitchcocks 1st add lot 18 block 18 50 x 120,0,0,0,1,1,HITCHCOCKS 1ST ADD LOT 18 BLOCK 18 50 X 120
hitchcocks 1st addition,1,0,0,0,1,HITCHCOCKS 1ST ADDITION
hogan's 2nd addition,1,0,0,0,1,Hogan's 2nd Addition
hilltop view,0,0,1,0,1,Hilltop View
himebaugh & patterson,0,1,0,0,1,Himebaugh & Patterson
himebaugh and patterson,0,1,0,0,1,Himebaugh and Patterson
himebaugh and pattersons,1,0,0,0,1,Himebaugh and Pattersons
himebaugh highlands,0,0,1,0,1,Himebaugh Highlands
himebaugh place,1,0,0,0,1,Himebaugh Place
himebaugh's add,1,0,0,0,1,Himebaugh's Add
dodsons,0,0,1,0,1,DODSONS
hoovers,0,0,0,1,1,Hoovers
hopkins,1,0,0,0,1,Hopkins
hopkins addition,0,1,0,0,1,Hopkins Addition
holy cross 1st add,0,0,0,1,1,HOLY CROSS 1ST ADD
home place,0,1,0,0,1,Home Place
homes of benford place,1,0,0,0,1,Homes of Benford Place
homes of benford place two,0,0,0,1,1,HOMES OF BENFORD PLACE TWO
homes on river road,0,0,1,0,1,Homes on River Road
dodge add to so omaha,0,0,1,0,1,DODGE ADD TO SO OMAHA
dodge sub div sec 08-14-13,1,0,0,0,1,Dodge Sub Div Sec 08-14-13
dodges sub div,0,0,0,1,1,Dodges Sub Div
hoocks,0,1,0,0,1,Hoocks
lebberts 2nd addition,0,1,0,0,1,Lebberts 2nd Addition
lee valley lot 17 block 5 irreg,0,1,0,0,1,LEE VALLEY LOT 17 BLOCK 5 IRREG
lees,0,1,0,0,1,LEES
lees sub div blk 3,0,0,0,1,1,LEES SUB DIV BLK 3
lees sub division,0,1,0,0,1,Lees Sub Division
linden place rep,0,1,0,0,1,LINDEN PLACE REP
lindenwood replat lot 68 block 0 irreg,0,1,0,0,1,LINDENWOOD REPLAT LOT 68 BLOCK 0 IRREG
linds/estes,0,0,1,0,1,Linds/Estes
lindyview no. 3,0,0,1,0,1,LINDYVIEW NO. 3
crosskey villages,1,0,0,0,1,Crosskey Villages
deer creek rep 7,1,0,0,0,1,Deer Creek REP 7
lillas place rep 1,0,0,1,0,1,Lillas Place REP 1
limpach addition,0,0,0,1,1,Limpach Addition
lincoln height,0,1,0,0,1,Lincoln Height
lincoln heights lot,0,0,0,1,1,LINCOLN HEIGHTS LOT
lincoln place sarpy county gretna,0,1,0,0,1,Lincoln Place  Sarpy County  Gretna
creston addition,0,0,0,1,1,Creston Addition
crestview estates,1,0,0,0,1,Crestview Estates
cross key village,1,0,0,0,1,CROSS KEY VILLAGE
creightons 2nd add lot 7 block 5 lt 7 irreg,0,1,0,0,1,CREIGHTONS 2ND ADD LOT 7 BLOCK 5 LT 7 IRREG
creightons addition,0,0,0,1,1,Creightons Addition
crest view,0,1,0,0,1,Crest view
lillas place,0,1,0,0,1,Lillas Place
leawood oak iii,0,0,0,1,1,Leawood Oak III
lawre addition 2,1,0,0,0,1,LAWRE ADDITION 2
lawre addition no 1,0,1,0,0,1,Lawre Addition No 1
lawre addition no.1,1,0,0,0,1,Lawre Addition No.1
le beau lot 137 block 0 irreg,0,1,0,0,1,LE BEAU LOT 137 BLOCK 0 IRREG
"le beau lot 98 block 0, douglas co, ne",1,0,0,0,1,"Le Beau Lot 98 Block 0, Douglas Co, NE"
lawndale replat,0,0,1,0,1,Lawndale Replat
lawre add 4,0,0,0,1,1,Lawre Add 4
lawre addition #2,0,0,1,0,1,LAWRE ADDITION #2
lienemann subdivision 2,0,0,0,1,1,LIENEMANN SUBDIVISION 2
lienemann's subdivision,1,0,0,0,1,Lienemann's Subdivision
lebberts 2nd add to bennington,0,0,1,0,1,LEBBERTS 2ND ADD TO BENNINGTON
creighton's 2nd addition,0,0,1,0,1,Creighton's 2nd Addition
creightons 1st add lot,0,1,0,0,1,CREIGHTONS 1ST ADD LOT
lennox addition,1,0,0,0,1,Lennox Addition
leonard alstadt,0,0,0,1,1,Leonard Alstadt
leonards subdivision,0,0,1,0,1,LEONARDS SUBDIVISION
levey's,1,0,0,0,1,Levey's
lees sub replat 1,0,1,0,0,1,LEES SUB REPLAT 1
"legend trails, use google maps, apple maps may have incorrect location",0,0,0,1,1,"Legend Trails, use Google Maps, Apple Maps may have incorrect location"
legion place,1,0,0,0,1,Legion Place
lenemann's,0,1,0,0,1,Lenemann's
lennox add,1,0,0,0,1,Lennox ADD
creighton place,0,0,1,0,1,CREIGHTON PLACE
lot 24 electri-city,0,1,0,0,1,Lot 24 Electri-City
lot 24 southfork,1,0,0,0,1,Lot 24 Southfork
lot 242 oakhurst,0,1,0,0,1,LOT 242 OAKHURST
lot 166 harvest hills,0,0,1,0,1,LOT 166 HARVEST HILLS
lot 167 southern pointe,0,1,0,0,1,LOT 167 SOUTHERN POINTE
lot 17 & 18b oliver addition,0,1,0,0,1,LOT 17 & 18B OLIVER ADDITION
lot 17 blackhawk,1,0,0,0,1,LOT 17 BLACKHAWK
lot 172 standing stone,1,0,0,0,1,LOT 172 STANDING STONE
lot 18,0,1,0,0,1,LOT 18
lot 187 fontenelle,0,1,0,0,1,LOT 187 FONTENELLE
creston add lot 5 block 2,1,0,0,0,1,CRESTON ADD LOT 5 BLOCK 2
lot 118 echo hills,1,0,0,0,1,LOT 118 ECHO HILLS
"lot 118, le beau",0,1,0,0,1,"Lot 118, Le Beau"
lot 13 pebblebrooke,0,0,0,1,1,Lot 13 Pebblebrooke
lot 146 fontenelle hills ii,0,1,0,0,1,LOT 146 FONTENELLE HILLS II
lot 151 quail creek,0,0,0,1,1,LOT 151 QUAIL CREEK
lot 154 pebblebrooke,0,0,1,0,1,LOT 154 PEBBLEBROOKE
lot 157 ashbury hills,0,0,0,1,1,LOT 157 ASHBURY HILLS
lot 161 eagle crest,1,0,0,0,1,Lot 161 Eagle Crest
lot 10 hills of aspen creek,0,1,0,0,1,LOT 10 HILLS OF ASPEN CREEK
lot 10 lakeview,0,0,0,1,1,LOT 10 LAKEVIEW
"lot 10, dietz meadows",1,0,0,0,1,"Lot 10, Dietz Meadows"
lot 19 williamsburg,0,0,0,1,1,Lot 19 Williamsburg
looking glass,0,1,0,0,1,Looking Glass
looking glass hills,0,1,0,0,1,Looking Glass Hills
lookingglass,0,0,1,0,1,Lookingglass
lookinglass heights,0,1,0,0,1,LOOKINGLASS HEIGHTS
lot 1 cedar ridge addition,0,1,0,0,1,LOT 1 CEDAR RIDGE ADDITION
lot 1 kaluza's acres (1.84 ac),0,1,0,0,1,LOT 1  KALUZA'S ACRES  (1.84 AC)
lofts at soma 1 the condominium,0,0,1,0,1,LOFTS AT SOMA 1 THE CONDOMINIUM
loftus first addition,0,0,0,1,1,Loftus First Addition
logeman's,0,0,0,1,1,Logeman's
lonergan woods,0,0,0,1,1,Lonergan Woods
longview addition,1,0,0,0,1,LONGVIEW ADDITION
lot 23 block 6 dillons benson,0,0,1,0,1,Lot 23 Block 6 Dillons Benson
lloyds addition,1,0,0,0,1,Lloyds Addition
locust glen,0,1,0,0,1,Locust glen
linnhurst,0,0,0,1,1,LINNHURST
linnhurst add,0,0,0,1,1,LINNHURST ADD
linwood park lot 3 block 6 1/2 vac alley adj & w 14 ft lt 2 & all lt 3,1,0,0,0,1,LINWOOD PARK LOT 3 BLOCK 6 1/2 VAC ALLEY ADJ & W 14 FT LT 2 & ALL LT 3
lion's gate,0,0,0,1,1,Lion's Gate
little big place addition,0,0,0,1,1,LITTLE BIG PLACE ADDITION
lot 198 falcon forest,0,1,0,0,1,LOT 198 FALCON FOREST
lot 206 eagle hills,1,0,0,0,1,LOT 206 EAGLE HILLS
lot 21 - hills of aspen creek,0,1,0,0,1,Lot 21 - Hills of Aspen Creek
lot 23 block 0 bensonhurst,0,1,0,0,1,Lot 23 Block 0 Bensonhurst
little italy,1,0,0,0,1,Little Italy
kirby 1st addition,0,1,0,0,1,Kirby 1st Addition
kirby's 1st,1,0,0,0,1,Kirby's 1st
kirby's 1st add,1,0,0,0,1,Kirby's 1st Add
kirby's first addition,1,0,0,0,1,Kirby's First Addition
lakemont,1,0,0,0,1,Lakemont
lake bennington/newport landing,1,0,0,0,1,Lake Bennington/Newport Landing
lake cunningham ridge 192 thru 342,1,0,0,0,1,LAKE CUNNINGHAM RIDGE 192 THRU 342
lake cunningham ridge 192 thru342,0,1,0,0,1,LAKE CUNNINGHAM RIDGE 192 THRU342
lake view add,0,1,0,0,1,LAKE VIEW ADD
la beau west,0,0,1,0,1,La Beau West
leavenworth crown townhomes,0,0,0,1,1,Leavenworth Crown Townhomes
la platte zone r s-72 single family,0,1,0,0,1,La Platte Zone R S-72 Single Family
la veta place,0,1,0,0,1,LA VETA PLACE
la vista replat ii,0,0,0,1,1,LA VISTA REPLAT II
lafayette place,1,0,0,0,1,Lafayette Place
kountze a,0,1,0,0,1,Kountze A
kountze addition,0,1,0,0,1,Kountze Addition
kountze place lot 1,1,0,0,0,1,KOUNTZE PLACE LOT 1
kountze place replat 7*,0,0,0,1,1,KOUNTZE PLACE REPLAT 7*
krebs,0,1,0,0,1,Krebs
lakeview heights 1st add lot 113 block 0 irreg,0,0,0,1,1,LAKEVIEW HEIGHTS 1ST ADD LOT 113 BLOCK 0 IRREG
lakeview subdivision,0,0,1,0,1,Lakeview Subdivision
la platte,1,0,0,0,1,La Platte
deer crest north,0,0,0,1,1,DEER CREST NORTH
deauville condominium property regime no. 1,0,0,0,1,1,Deauville Condominium Property Regime No. 1
debbies first addition,0,1,0,0,1,Debbies First Addition
dee's,0,1,0,0,1,Dee's
dee's addition,1,0,0,0,1,Dee's Addition
deek creek,0,0,0,1,1,Deek Creek
kountz place,0,0,0,1,1,Kountz Place
kountze 2nd addition,0,1,0,0,1,Kountze 2nd Addition
kountze 3rd addition,1,0,0,0,1,Kountze 3rd Addition
kountze 3rd addn,1,0,0,0,1,KOUNTZE 3RD ADDN
kountze 4th add lot 4 block 2 n 1/2 30 x 138,1,0,0,0,1,KOUNTZE 4TH ADD LOT 4 BLOCK 2 N 1/2 30 X 138
kingwoods estate,0,0,1,0,1,Kingwoods Estate
kosiske place,1,0,0,0,1,KOSISKE PLACE
kosters,0,0,1,0,1,Kosters
koubas replat,0,0,1,0,1,KOUBAS REPLAT
kounce place,0,0,1,0,1,KOUNCE PLACE
kountz,0,0,1,0,1,Kountz
kountz 5th,1,0,0,0,1,Kountz 5th
kirkwood add re pz,0,0,0,1,1,KIRKWOOD ADD RE PZ
kirkwood addition,0,0,0,1,1,Kirkwood  Addition
kitchen & waugh sub,0,0,1,0,1,KITCHEN & WAUGH SUB
knolls 2nd-the,1,0,0,0,1,KNOLLS 2ND-THE
koenig place,0,0,1,0,1,Koenig Place
kountze 4th add supp lot 6block 9 s 1/2 30 x 140,0,0,0,1,1,KOUNTZE 4TH ADD SUPP LOT 6BLOCK 9 S 1/2 30 X 140
langdon bros,1,0,0,0,1,Langdon Bros
langdon bros 5th,1,0,0,0,1,Langdon Bros 5th
langdon bros 5th addition,0,0,0,1,1,LANGDON BROS 5TH ADDITION
langdon bros subdivision of lot z,0,1,0,0,1,LANGDON BROS SUBDIVISION OF LOT Z
land sec.- twn.-rge.,0,1,0,0,1,Land Sec.- Twn.-Rge.
lands - ponca hills area,0,1,0,0,1,Lands - Ponca Hills Area
lands ponca,0,0,0,1,1,LANDS Ponca
lands sec twin rge,0,1,0,0,1,Lands Sec Twin RGE
lands sec twn rge,0,1,0,0,1,Lands Sec Twn Rge
lakewood gardens rep 5,0,0,1,0,1,LAKEWOOD GARDENS REP 5
lakewood village,0,0,0,1,1,LAKEWOOD VILLAGE
lakeview villages,0,1,0,0,1,Lakeview Villages
lalkewood gardens,0,0,1,0,1,LALKEWOOD GARDENS
lambert place,1,0,0,0,1,LAMBERT PLACE
lamps keystone addition,0,1,0,0,1,LAMPS KEYSTONE ADDITION
leawood south west,0,0,0,1,1,Leawood South west
leawood south west lot,0,0,0,1,1,Leawood South West Lot
leawood west lot 10 block 7 85 x 125,1,0,0,0,1,LEAWOOD WEST LOT 10 BLOCK 7 85 X 125
leawood west lot 4 block 6 dcn,0,1,0,0,1,Leawood West Lot 4 Block 6 DCN
lebbert 1st addition,0,1,0,0,1,Lebbert 1st Addition
leadwood oaks,1,0,0,0,1,Leadwood Oaks
leavenworth,0,0,1,0,1,Leavenworth
leavenworth crown townhome,1,0,0,0,1,Leavenworth Crown townhome
lakewood villages - duplex/townhomes lo,0,0,0,1,1,LAKEWOOD VILLAGES - DUPLEX/TOWNHOMES LO
dean place,0,0,1,0,1,Dean Place
"deauville assoc iii, inc",0,0,1,0,1,"Deauville Assoc III, Inc"
lakeview 168 replat 1,1,0,0,0,1,LAKEVIEW 168 REPLAT 1
lakeview addition,1,0,0,0,1,Lakeview Addition
curtis & stones add,0,1,0,0,1,CURTIS & STONES ADD
curtis and stones add,0,0,1,0,1,CURTIS AND STONES ADD
davenport,1,0,0,0,1,Davenport
davis first add,0,0,1,0,1,DAVIS FIRST ADD
cryer crest townhomes condo,0,0,1,0,1,Cryer Crest Townhomes Condo
cumming heights,0,0,0,1,1,CUMMING HEIGHTS
cummings heights lot 11 block 0 w 55 e 110 ft lots 10,1,0,0,0,1,CUMMINGS HEIGHTS LOT 11 BLOCK 0 W 55 E 110 FT LOTS 10
lands sect 12 town 16 range 10,0,0,0,1,1,LANDS SECT 12 TOWN 16 RANGE 10
cunningham & brennan add,0,0,1,0,1,CUNNINGHAM & BRENNAN ADD
cunningham and brennan,1,0,0,0,1,Cunningham and Brennan
cunningham lake ridge,0,0,1,0,1,Cunningham Lake Ridge
langdon brothers,1,0,0,0,1,Langdon Brothers
langdon brothers subdivison,0,1,0,0,1,Langdon Brothers Subdivison
larre addition,0,0,0,1,1,Larre Addition
lathams,0,0,1,0,1,Lathams
laural hollow,0,0,0,1,1,Laural Hollow
lands sec twnrge,1,0,0,0,1,Lands Sec TwnRGE
lands sec-twn-rge 36-16-09 s 99 ft w 1/2 tx l 5,0,0,1,0,1,LANDS SEC-TWN-RGE 36-16-09 S 99 FT W 1/2 TX L 5
lands sect 02 town 16 range 12,0,0,0,1,1,LANDS SECT 02 TOWN 16 RANGE 12
cunningham & brennan,0,0,0,1,1,Cunningham & Brennan
equestrian ridge estates 2,1,0,0,0,1,Equestrian Ridge Estates 2
equestrian ridge estates ii,0,0,1,0,1,EQUESTRIAN RIDGE ESTATES II
eriksen's addition,0,0,0,1,1,ERIKSEN'S ADDITION
ervinedale,0,1,0,0,1,ERVINEDALE
escalante,0,0,0,1,1,Escalante
gables condominium homes-the-,0,0,1,0,1,GABLES CONDOMINIUM HOMES-THE-
garden oak,0,0,1,0,1,Garden Oak
garden oakd,0,1,0,0,1,Garden Oakd
garrett addition replat,1,0,0,0,1,Garrett Addition Replat
enson heights,1,0,0,0,1,ENSON HEIGHTS
highview additon,0,0,1,0,1,Highview Additon
franklin square,1,0,0,0,1,FRANKLIN SQUARE
fred gordon,0,1,0,0,1,Fred Gordon
fred gordon add,0,0,0,1,1,FRED GORDON ADD
freemans add to so omaha,0,0,0,1,1,FREEMANS ADD TO SO OMAHA
ft omaha,0,1,0,0,1,FT OMAHA
gables condominium homes,0,0,0,1,1,GABLES CONDOMINIUM HOMES
fountain hills lot 90 block 0 irreg,0,1,0,0,1,FOUNTAIN HILLS LOT 90 BLOCK 0 IRREG
fowler,0,0,1,0,1,Fowler
fowler place 1st add,0,0,1,0,1,FOWLER PLACE 1ST ADD
georgetown replat ii,0,0,0,1,1,Georgetown Replat II
gilder,0,0,0,1,1,Gilder
epworth,0,0,1,0,1,EPWORTH
firestone sub div,0,0,1,0,1,FIRESTONE SUB DIV
first addition to randolph place to sout,0,0,0,1,1,FIRST ADDITION TO RANDOLPH PLACE TO SOUT
first addition to randolph place to south,0,0,0,1,1,FIRST ADDITION TO RANDOLPH PLACE TO SOUTH
fitzpatrick's replat,0,1,0,0,1,FITZPATRICK'S REPLAT
fixa's,0,1,0,0,1,Fixa's
fixa's add,0,1,0,0,1,Fixa's Add
fort view add,0,0,0,1,1,Fort view add
fort view annex,0,0,0,1,1,FORT VIEW ANNEX
forty9place,1,0,0,0,1,forty9place
forty9place rowhomes,0,0,1,0,1,Forty9place Rowhomes
fosters,1,0,0,0,1,Fosters
fontenelle replat iv,0,0,0,1,1,FONTENELLE REPLAT IV
forest hill park,0,0,0,1,1,FOREST HILL PARK
forest run 111,0,0,0,1,1,forest run 111
forest run iii,0,1,0,0,1,FOREST RUN III
forbes subdivision,0,1,0,0,1,Forbes Subdivision
ford,0,0,1,0,1,Ford
ford warehouse condominium,0,0,1,0,1,Ford Warehouse Condominium
forence field,0,0,0,1,1,Forence Field
fontenelle garden tract,0,1,0,0,1,Fontenelle Garden Tract
fontenelle hills iv,0,0,1,0,1,Fontenelle Hills IV
fontenelle hills replat iii,0,0,1,0,1,Fontenelle Hills Replat III
fontenelle park lot 365 block 0,0,0,0,1,1,FONTENELLE PARK LOT 365 BLOCK 0
fountain hill,0,1,0,0,1,Fountain Hill
glen morrie addition,0,0,1,0,1,Glen Morrie Addition
glen oaks addition,0,1,0,0,1,Glen Oaks Addition
glenbrook woodgate,0,1,0,0,1,Glenbrook Woodgate
glenco place,0,0,0,1,1,GLENCO PLACE
giles ridge townhomes,0,1,0,0,1,Giles Ridge Townhomes
giles road addition,1,0,0,0,1,GILES ROAD ADDITION
gills add,0,0,0,1,1,Gills Add
gills addition,0,1,0,0,1,Gills Addition
giovanna rows,0,0,0,1,1,Giovanna Rows
gladden acres,1,0,0,0,1,Gladden Acres
fair haven 4th addition to gretna,0,0,0,1,1,FAIR HAVEN 4TH ADDITION TO GRETNA
grand villa la vista condominium,0,0,0,1,1,Grand Villa La Vista Condominium
grand villa of town ridge condominium,0,1,0,0,1,Grand Villa of Town Ridge Condominium
elkhorn-crawford,1,0,0,0,1,ELKHORN-CRAWFORD
gramercy park cond prop regime,0,0,0,1,1,GRAMERCY PARK COND PROP REGIME
gramercy park reserve,0,1,0,0,1,Gramercy Park Reserve
grammercy park reserve,1,0,0,0,1,GRAMMERCY PARK RESERVE
grand square,0,0,1,0,1,Grand Square
grand square addition,0,1,0,0,1,GRAND SQUARE ADDITION
golfing green condo prop regime,0,1,0,0,1,GOLFING GREEN CONDO PROP REGIME
gordon -del- replat,0,0,0,1,1,GORDON -DEL- REPLAT
grabows,0,0,1,0,1,Grabows
grand villa,0,0,1,0,1,Grand Villa
garvinhurst,1,0,0,0,1,Garvinhurst
geargetowne replat ii,0,0,0,1,1,Geargetowne Replat II
genevieve,1,0,0,0,1,Genevieve
george zanski's subdivision,1,0,0,0,1,GEORGE ZANSKI'S SUBDIVISION
evergreen place,0,0,0,1,1,Evergreen Place
f & c subdivision,1,0,0,0,1,F & C SUBDIVISION
f.j. fitzgerald's,0,0,1,0,1,F.J. Fitzgerald's
fair acres addition,0,0,1,0,1,Fair Acres Addition
escalante hills replat,0,0,0,1,1,ESCALANTE HILLS REPLAT
escalante hills replat ii,0,0,0,1,1,Escalante Hills Replat II
escalate hills,0,1,0,0,1,Escalate Hills
glenroy,0,0,0,1,1,GLENROY
glenroy addition,0,1,0,0,1,Glenroy Addition
glenwood heights,0,1,0,0,1,GLENWOOD HEIGHTS
glenwood hils,0,0,1,0,1,Glenwood Hils
godfreys add,1,0,0,0,1,GODFREYS ADD
godown addition,0,0,0,1,1,GODOWN Addition
glendale add,0,1,0,0,1,GLENDALE ADD
glenmoor / turnbridge,1,0,0,0,1,Glenmoor / Turnbridge
"glenmoor lot 438 block 0, douglas co., ne",1,0,0,0,1,"Glenmoor Lot 438 Block 0, Douglas Co., NE"
glenmoor-turnbridge celebrity homes home community p.j. morgan,0,1,0,0,1,Glenmoor-Turnbridge  Celebrity Homes Home Community P.J. Morgan
glenmore,1,0,0,0,1,GLENMORE
glennwood hills replat,0,0,1,0,1,GLENNWOOD HILLS REPLAT
estes subdivision,0,0,1,0,1,Estes Subdivision
woodbridge sub lot 98 block 0,0,0,1,0,1,WOODBRIDGE SUB LOT 98 BLOCK 0
--,0,1,0,0,1,--
wood creek lot 46 block 0 irreg,0,1,0,0,1,Wood Creek Lot 46 block 0 irreg
wood creek rep,0,0,0,1,1,WOOD CREEK REP
wood creek rep 1,0,0,1,0,1,Wood Creek Rep 1
wood valley (lts 352-473) lot 396block 0 lt 396 7103 sqft,0,0,0,1,1,WOOD VALLEY (LTS 352-473) LOT 396BLOCK 0 LT 396 7103 SQFT
2247053910,0,0,0,1,1,2247053910
farmington woods replat,0,0,1,0,1,FARMINGTON WOODS REPLAT
farnam 1600 condo prop,1,0,0,0,1,Farnam 1600 Condo Prop
farnam 1600 condo prop regime,1,0,0,0,1,Farnam 1600 Condo Prop Regime
fieldcrest add,0,0,1,0,1,FIELDCREST ADD
fair meadows phase,0,0,0,1,1,Fair Meadows Phase
fair meadows phase i,0,0,0,1,1,Fair Meadows Phase I
fallings waters,1,0,0,0,1,Fallings Waters
falt,1,0,0,0,1,Falt
falt's replat,0,0,0,1,1,Falt's Replat
farber,0,0,1,0,1,Farber
farber's addition,1,0,0,0,1,Farber's Addition
farbers add,0,0,0,1,1,Farbers Add
farm-the,0,0,0,1,1,FARM-THE
falcon ridge condo,0,0,0,1,1,Falcon Ridge Condo
falcon ridge rep 1 lot 13 block 0 77 x 163,0,1,0,0,1,FALCON RIDGE REP 1 LOT 13 BLOCK 0 77 X 163
fair hill addition,0,1,0,0,1,FAIR HILL ADDITION
420 condominium,0,1,0,0,1,420 Condominium
colonial acres park,1,0,0,0,1,Colonial Acres Park
-----,0,1,0,0,1,-----
0 rourke place,1,0,0,0,1,0 ROURKE PLACE
03 - residences at west dodge station,0,0,0,1,1,03 - RESIDENCES AT WEST DODGE STATION
1101 jackson condo's # 405,0,0,0,1,1,1101 Jackson Condo's # 405
1101 jackson condominium property regime 2,0,1,0,0,1,1101 Jackson Condominium Property Regime 2
1101 jackson condominiums,0,0,0,1,1,1101 Jackson Condominiums
1101 jackson condos #405,0,1,0,0,1,1101 Jackson Condos #405
1101 jackson lofts,0,0,1,0,1,1101 JACKSON LOFTS
1208 howard st condominiums,0,0,1,0,1,1208 HOWARD ST CONDOMINIUMS
woodbridge sub lot 54 block 0 irreg,1,0,0,0,1,WOODBRIDGE SUB LOT 54 BLOCK 0 IRREG
yates addition,0,0,0,1,1,Yates Addition
yorkshire hills 2nd add rep 4*,0,0,0,1,1,YORKSHIRE HILLS 2ND ADD REP 4*
yossem's paradise valley replat 1,0,0,0,1,1,YOSSEM'S PARADISE VALLEY Replat 1
wynnewood 1st addition,0,0,0,1,1,Wynnewood 1st Addition
wynnewood 2nd,0,1,0,0,1,Wynnewood 2nd
wynnewood lot 60 block 0 irreg,1,0,0,0,1,Wynnewood Lot 60 Block 0 IRREG
wynnwood estates,1,0,0,0,1,Wynnwood Estates
yates & hempel add lot 7 block 2 50 x 128,0,0,0,1,1,YATES & HEMPEL ADD LOT 7 BLOCK 2 50 X 128
wood valley rep 2 lot 51 block 0 irreg,0,0,0,1,1,WOOD VALLEY REP 2 LOT 51 BLOCK 0 IRREG
wood valley replat 2,0,0,1,0,1,Wood Valley Replat 2
wood valley replat 4,0,0,1,0,1,Wood Valley Replat 4
1600 farnam,0,0,1,0,1,1600 Farnam
fairacres condominiums,0,1,0,0,1,Fairacres Condominiums
fairacres place,0,0,0,1,1,FAIRACRES PLACE
florentine condominium regime,0,0,1,0,1,Florentine Condominium Regime
floroma add,1,0,0,0,1,FLOROMA ADD
flors add,0,1,0,0,1,Flors Add
flors addition,0,0,0,1,1,Flors Addition
fontanelle park,0,0,1,0,1,Fontanelle Park
florence heights & wyman heights,0,0,1,0,1,Florence Heights & Wyman Heights
florence heights rep 4*,0,0,0,1,1,FLORENCE HEIGHTS REP 4*
florence hgts,0,0,0,1,1,FLORENCE HGTS
falling waters ii,0,0,0,1,1,Falling Waters II
florence lot 16 block 112 60 x 122,0,1,0,0,1,FLORENCE LOT 16 BLOCK 112 60 X 122
florence wood,1,0,0,0,1,Florence Wood
florence.,0,1,0,0,1,FLORENCE.
florencewood,0,0,1,0,1,Florencewood
fiztpatricks,0,1,0,0,1,Fiztpatricks
flat water lake,1,0,0,0,1,Flat Water Lake
flatwater lake development,0,0,0,1,1,FLATWATER LAKE DEVELOPMENT
flatwater lake development 2nd add,0,0,0,1,1,FLATWATER LAKE DEVELOPMENT 2ND ADD
florence acres,0,1,0,0,1,Florence Acres
florence add replat,0,0,1,0,1,FLORENCE ADD REPLAT
florence addition,0,0,0,1,1,Florence Addition
florence lot,0,0,1,0,1,FLORENCE LOT
falling waters lot 286 block 0,0,0,1,0,1,Falling Waters Lot 286 Block 0
falling waters rep 1,0,1,0,0,1,Falling Waters Rep 1
falling waters replat seven,0,0,0,1,1,FALLING WATERS REPLAT SEVEN
wwood hts highland area 13th add,0,0,0,1,1,WWOOD HTS HIGHLAND AREA 13TH ADD
"wycliffe replat 129, block 0, dcn",0,0,0,1,1,"Wycliffe Replat 129, Block 0, DCN"
fairway pointe ii,1,0,0,0,1,Fairway pointe II
fairway pointe ii replat i,0,0,1,0,1,Fairway Pointe II replat I
fairway ridge / the ridges,1,0,0,0,1,Fairway Ridge / The Ridges
fearon place,0,0,0,1,1,Fearon Place
feierman,0,0,1,0,1,FEIERMAN
field club,0,1,0,0,1,Field Club
fairacres condo,1,0,0,0,1,Fairacres Condo
field club north,0,0,0,1,1,Field Club North
"fairview south 2, sarpy county, ne",0,0,0,1,1,"FAIRVIEW SOUTH 2, SARPY COUNTY, NE"
fairview south ii toa,0,1,0,0,1,Fairview South II TOA
faukland heights,1,0,0,0,1,Faukland Heights
fawn heights on west military,1,0,0,0,1,Fawn Heights on West Military
fairfax add rep 3*,0,0,0,1,1,FAIRFAX ADD REP 3*
fairfax lot,0,1,0,0,1,FAIRFAX LOT
fairfax lot 176 block 0 40 x 134,1,0,0,0,1,FAIRFAX LOT 176 BLOCK 0 40 X 134
fairview crossing/williamsburg,0,0,0,1,1,Fairview Crossing/Williamsburg
fair mount,0,1,0,0,1,Fair Mount
fairacres addition,1,0,0,0,1,Fairacres Addition
field club (boulevard terrace),0,0,0,1,1,Field Club (Boulevard Terrace)
dundee ridge,1,0,0,0,1,Dundee Ridge
dupont place lot 17 block 4 50 x 125,0,1,0,0,1,DUPONT PLACE LOT 17 BLOCK 4 50 X 125
eagle ridge lot 325,0,0,0,1,1,Eagle Ridge Lot 325
hascall and rogers,1,0,0,0,1,Hascall and Rogers
hascalls sub,0,1,0,0,1,Hascalls Sub
hasting & heydens,1,0,0,0,1,Hasting & Heydens
hastings & heyden 2,1,0,0,0,1,Hastings & Heyden 2
hastings & heydens 2nd add,0,0,0,1,1,HASTINGS & HEYDENS 2ND ADD
hastings & heydens add lot 21 block 1,0,0,1,0,1,Hastings & Heydens ADD LOT 21 BLOCK 1
hartmans addition,0,1,0,0,1,Hartmans Addition
graddy sub div,0,0,0,1,1,GRADDY SUB DIV
harvey oaks replat,0,1,0,0,1,Harvey Oaks Replat
harrison park replat,0,0,0,1,1,Harrison Park Replat
"harrison park, falcon ridge",1,0,0,0,1,"Harrison Park, Falcon Ridge"
hartman heights,0,0,1,0,1,Hartman Heights
hartman's addition,1,0,0,0,1,Hartman's Addition
harriers 3rd add to valley,0,0,1,0,1,HARRIERS 3RD ADD TO VALLEY
harris & patterson annex,1,0,0,0,1,Harris & Patterson Annex
harrison,1,0,0,0,1,HARRISON
harrison park east,0,0,1,0,1,Harrison Park East
harrison park rep 2,0,0,0,1,1,HARRISON PARK REP 2
hickkory hill,1,0,0,0,1,Hickkory Hill
harts,1,0,0,0,1,Harts
happy hallow,0,0,1,0,1,Happy Hallow
happy hollow addition,0,0,0,1,1,Happy Hollow Addition
hansen's addition,0,1,0,0,1,Hansen's Addition
hansen's country club hills,0,0,0,1,1,Hansen's Country Club Hills
hansens blvd addition,0,1,0,0,1,Hansens Blvd Addition
hansens country club,0,0,1,0,1,HANSENS COUNTRY CLUB
hamptons replat 12,0,1,0,0,1,Hamptons Replat 12
haney,0,0,0,1,1,Haney
hannibal,0,0,1,0,1,Hannibal
hanover falls / shadowbrook west,1,0,0,0,1,Hanover Falls / Shadowbrook West
hanscam park,1,0,0,0,1,Hanscam Park
eden's heights addition,1,0,0,0,1,Eden's Heights Addition
harmons sub div,0,1,0,0,1,Harmons Sub Div
harp's addition replat one,1,0,0,0,1,Harp's Addition Replat One
harpers addition replat one,0,0,1,0,1,Harpers Addition Replat One
edgewater,0,1,0,0,1,Edgewater
hargleroads/keystone,0,1,0,0,1,Hargleroads/Keystone
hargleroadsmilitary add,0,0,1,0,1,HARGLEROADSMILITARY ADD
harglerroad,1,0,0,0,1,Harglerroad
harglesroad addition,0,1,0,0,1,Harglesroad Addition
harglewood,0,1,0,0,1,Harglewood
eagle run villas on the green,1,0,0,0,1,Eagle Run Villas on the Green
echo hills replat,0,0,1,0,1,Echo Hills Replat
hanscom place replat,1,0,0,0,1,HANSCOM PLACE REPLAT
duckworths,0,0,1,0,1,Duckworths
dundee heights,0,1,0,0,1,Dundee Heights
dundee place condominiums,0,0,0,1,1,Dundee Place Condominiums
dundee pointe lofts,1,0,0,0,1,Dundee Pointe Lofts
hickory hill ll,0,0,0,1,1,Hickory Hill ll
dross & wilsons add,1,0,0,0,1,Dross & Wilsons Add
drozda,0,0,0,1,1,Drozda
drozda add,0,0,1,0,1,DROZDA ADD
druid hill addition,1,0,0,0,1,Druid Hill Addition
druid hill replat 3,0,0,1,0,1,DRUID HILL REPLAT 3
dodsons wm,0,0,0,1,1,DODSONS WM
drews hill add,0,0,0,1,1,DREWS HILL ADD
drexel & maul add,1,0,0,0,1,Drexel & Maul ADD
drexels sub div,0,0,0,1,1,DREXELS SUB DIV
hill's,0,0,1,0,1,Hill's
hillborough,0,0,0,1,1,Hillborough
hillcrest acres,0,1,0,0,1,Hillcrest Acres
hilleke add,0,1,0,0,1,HILLEKE ADD
hills addition,1,0,0,0,1,Hills Addition
hills of aspen cree,0,0,1,0,1,Hills of Aspen Cree
hills of aspen creek replat 1,0,0,0,1,1,HILLS OF ASPEN CREEK REPLAT 1
highview addition to springfield,0,0,1,0,1,HIGHVIEW ADDITION TO SPRINGFIELD
donovans -m- sub div,0,0,1,0,1,DONOVANS -M- SUB DIV
dodsons wm w,0,1,0,0,1,Dodsons WM W
dohses acres,0,0,1,0,1,Dohses Acres
heights,0,0,1,0,1,Heights
heinisch & johnsens,0,0,0,1,1,HEINISCH & JOHNSENS
hencks sub div,1,0,0,0,1,HENCKS SUB DIV
henery,1,0,0,0,1,Henery
henery-m l-add,0,1,0,0,1,Henery-M L-Add
herberts first,1,0,0,0,1,Herberts First
heritage condominium,1,0,0,0,1,Heritage Condominium
hawthorne add.,1,0,0,0,1,Hawthorne add.
hawthorne subdivision lot 214 block 0 irreg,0,1,0,0,1,HAWTHORNE SUBDIVISION LOT 214 BLOCK 0 IRREG
ducksworths 1st add,0,1,0,0,1,Ducksworths 1st Add
hays country club,1,0,0,0,1,Hays Country Club
heartwood estates,0,1,0,0,1,Heartwood Estates
hedlunds,0,0,1,0,1,Hedlunds
hedlunds first addition,1,0,0,0,1,Hedlunds First Addition
hastings & heydens add lot 8 block 1 50 x 120,0,0,0,1,1,HASTINGS & HEYDENS ADD LOT 8 BLOCK 1 50 X 120
hastings & heydens addition,0,0,0,1,1,HASTINGS & HEYDENS ADDITION
hawes add,1,0,0,0,1,HAWES ADD
hawthorne add lot 12 block 1 all lots 11 & 12 blk 1 irreg,0,1,0,0,1,HAWTHORNE ADD LOT 12 BLOCK 1 ALL LOTS 11 & 12 BLK 1 IRREG
hickory hll,0,1,0,0,1,Hickory Hll
hidden hallow,0,0,1,0,1,Hidden Hallow
hidden hollow estates,0,0,1,0,1,Hidden Hollow Estates
hawthrone,1,0,0,0,1,Hawthrone
greighton heights,0,0,1,0,1,GREIGHTON HEIGHTS
gremmercy park,1,0,0,0,1,Gremmercy Park
green valley,1,0,0,0,1,Green Valley
green valleys lot 9 block 2 lot 9,1,0,0,0,1,Green Valleys Lot 9 Block 2 Lot 9
green's,1,0,0,0,1,Green's
greenacres add,0,0,0,1,1,Greenacres Add
greenlea addition,0,0,1,0,1,Greenlea Addition
greenleaf,0,0,0,1,1,GREENLEAF
green acres add,0,0,0,1,1,Green Acres Add
green acres additon,0,0,0,1,1,Green Acres Additon
hanson's lake 3,1,0,0,0,1,Hanson's Lake 3
green acres estates,0,0,1,0,1,Green Acres Estates
green fields,1,0,0,0,1,Green Fields
green meadows rep 10,0,0,0,1,1,GREEN MEADOWS REP 10
granite falls north villas,0,1,0,0,1,GRANITE FALLS NORTH VILLAS
gray hawk,0,0,1,0,1,Gray Hawk
gray hawk ii,0,1,0,0,1,Gray Hawk II
grayhawk west,1,0,0,0,1,Grayhawk West
green acre estates ii,0,1,0,0,1,Green Acre Estates II
haas subdivision,0,0,0,1,1,Haas Subdivision
edgewood addition,0,0,1,0,1,Edgewood Addition
eighty first ave add,0,1,0,0,1,Eighty First Ave Add
green acres addotopm,0,0,0,1,1,GREEN ACRES ADDOTOPM
golden hills 2nd add,0,0,1,0,1,GOLDEN HILLS 2ND ADD
goldsteins 2nd,1,0,0,0,1,Goldsteins 2nd
grand villas of la vista regime 1,1,0,0,0,1,Grand Villas of La Vista Regime 1
grand vista estates,0,0,1,0,1,GRAND VISTA ESTATES
grandridge view estates,1,0,0,0,1,Grandridge View Estates
grandview estates,0,0,0,1,1,Grandview Estates
grandview ridge estates rep 1,0,0,1,0,1,GRANDVIEW RIDGE ESTATES REP 1
engelstad,1,0,0,0,1,Engelstad
englewood addition,0,1,0,0,1,Englewood Addition
enquist's addition,1,0,0,0,1,Enquist's Addition
grand villa of twin ridge ii condo,0,1,0,0,1,Grand Villa of Twin Ridge II Condo
greetree lot 439,0,0,0,1,1,Greetree Lot 439
grand village of la vista condo,1,0,0,0,1,Grand Village of La Vista Condo
ellitson park place,0,1,0,0,1,Ellitson Park Place
elmwood addition,0,0,0,1,1,Elmwood Addition
emerald oaks replat,1,0,0,0,1,EMERALD OAKS REPLAT
enclave replat i,0,1,0,0,1,ENCLAVE REPLAT I
elkhorn-crawford pat,1,0,0,0,1,Elkhorn-Crawford Pat
elliestone park,0,1,0,0,1,ELLIESTONE PARK
ellis stone,0,0,1,0,1,ellis stone
ellistone,1,0,0,0,1,Ellistone
greens sub div,0,1,0,0,1,Greens Sub Div
greentrree,1,0,0,0,1,Greentrree
grand villa of twin ridge ii condominium property regime no. 1,1,0,0,0,1,GRAND VILLA OF TWIN RIDGE II CONDOMINIUM PROPERTY REGIME NO. 1
hacyon heights,0,1,0,0,1,Hacyon Heights
hagedorn,1,0,0,0,1,Hagedorn
hagedorns - wm - add,0,0,1,0,1,Hagedorns - WM - Add
elk ridge rep 2,0,0,0,1,1,ELK RIDGE REP 2
elk ridge replat 7,1,0,0,0,1,ELK RIDGE REPLAT 7
elkhorn crawford,1,0,0,0,1,Elkhorn Crawford
elkhorn highland ridg,0,0,1,0,1,ELKHORN HIGHLAND RIDG
elkhorn highland ridge lot 160 block 73x130,0,1,0,0,1,Elkhorn highland ridge lot 160 block 73x130
electri city,1,0,0,0,1,ELECTRI CITY
electric city,0,0,0,1,1,Electric City
electric- city,0,1,0,0,1,Electric- city
groves/ w country club,1,0,0,0,1,Groves/ W Country Club
elk ranch estates,0,0,1,0,1,Elk Ranch Estates
elk ridge estate,0,0,0,1,1,Elk Ridge Estate
hargle roads military,0,0,0,1,1,HARGLE ROADS MILITARY
hargler road,0,1,0,0,1,Hargler Road
hargleroad two,0,0,1,0,1,Hargleroad two
hargleroads - military add,1,0,0,0,1,Hargleroads - Military Add
hargleroads military add,0,0,1,0,1,HARGLEROADS MILITARY ADD
hansens idledale replat,0,0,0,1,1,HANSENS IDLEDALE REPLAT
hansens place,0,0,0,1,1,Hansens Place
hanson lakes,0,1,0,0,1,Hanson Lakes
hanson's lake 2,0,0,0,1,1,Hanson's Lake 2
elk city,0,1,0,0,1,Elk City
gruenig,1,0,0,0,1,GRUENIG
gruenig addition,1,0,0,0,1,Gruenig Addition
gruenther ridge (deer hollow),0,0,1,0,1,Gruenther Ridge (Deer Hollow)
gunthers add replat,0,0,0,1,1,Gunthers Add Replat
gunthers add replat lot 13 block 0 irreg,0,0,1,0,1,GUNTHERS ADD REPLAT LOT 13 BLOCK 0 IRREG
grove place,1,0,0,0,1,Grove Place
grove rep 6-the,0,0,1,0,1,Grove Rep 6-The
grove the,1,0,0,0,1,GROVE THE
grove the lts 334 thru 668,0,0,1,0,1,GROVE THE LTS 334 THRU 668
groves west,0,1,0,0,1,Groves West
gretna acreage,0,1,0,0,1,Gretna Acreage
hacketts 2nd addition,0,0,0,1,1,Hacketts 2nd Addition
griffin & smith,0,0,0,1,1,Griffin & Smith
griffin & smiths 1st sub,0,0,0,1,1,GRIFFIN & SMITHS 1ST SUB
hagedorns wm add,0,0,1,0,1,Hagedorns WM Add
halcyon height,0,0,1,0,1,HALCYON HEIGHT
hall's addition,0,1,0,0,1,Hall's Addition
halls addition,0,0,0,1,1,Halls Addition
hammonds,0,0,0,1,1,Hammonds
hammonds lp add,0,1,0,0,1,Hammonds LP Add
elkhorn highlands,0,1,0,0,1,Elkhorn Highlands
elkhorn highlands ridge,1,0,0,0,1,Elkhorn Highlands Ridge
hacketts 2nd add,1,0,0,0,1,Hacketts 2nd Add
gretna lands,1,0,0,0,1,Gretna Lands
charlesew heights,0,0,0,1,1,Charlesew Heights
charlswew heights,0,0,1,0,1,CHARLSWEW HEIGHTS
charwood,0,1,0,0,1,Charwood
cherry croft add lot 7,0,0,1,0,1,CHERRY CROFT ADD LOT 7
cherry garden,0,1,0,0,1,Cherry Garden
cherry garden cond property regime,1,0,0,0,1,CHERRY GARDEN COND PROPERTY REGIME
chandler hills addition,0,0,0,1,1,Chandler Hills Addition
chandler hills dr,1,0,0,0,1,Chandler Hills Dr
chandler view,0,0,0,1,1,Chandler View
chapel hills,0,0,0,1,1,CHAPEL HILLS
lot 103 hills of aspen creek,1,0,0,0,1,Lot 103 Hills of Aspen Creek
chaput,0,0,0,1,1,Chaput
charles heights,0,0,0,1,1,Charles Heights
pacific woods replat 1,0,0,0,1,1,Pacific Woods Replat 1
paddock grove,0,0,0,1,1,Paddock Grove
paddock place,0,0,0,1,1,PADDOCK PLACE
cedar hills townhomes,0,0,0,1,1,CEDAR HILLS TOWNHOMES
"pacific meadows 2nd add lot 11, douglas co., ne",0,1,0,0,1,"Pacific Meadows 2nd Add Lot 11, Douglas Co., NE"
pacific meadows 2nd add.,0,0,0,1,1,Pacific Meadows 2nd Add.
pacific park,0,0,1,0,1,Pacific Park
pacific pointe estates replat 4,1,0,0,0,1,Pacific Pointe Estates Replat 4
pacific ridge replat 6,0,1,0,0,1,PACIFIC RIDGE REPLAT 6
chaple hills,0,0,1,0,1,Chaple Hills
oma-view,0,0,1,0,1,Oma-View
old town ralston,1,0,0,0,1,OLD TOWN RALSTON
olde town,1,0,0,0,1,Olde Town
olde town bellevue,0,0,1,0,1,Olde Town Bellevue
olde towne,0,0,1,0,1,Olde Towne
okeefes hillscrest,0,1,0,0,1,Okeefes HIllscrest
old market,0,1,0,0,1,Old Market
old market condo,0,1,0,0,1,Old Market Condo
old market condo prop regime -the,0,0,1,0,1,OLD MARKET CONDO PROP REGIME -THE
old market condos,0,1,0,0,1,Old Market Condos
old orchard place,0,1,0,0,1,Old Orchard Place
charles' place,1,0,0,0,1,CHARLES' PLACE
orchard park lot 199 block 0 irreg,1,0,0,0,1,ORCHARD PARK LOT 199 BLOCK 0 IRREG
orchard park southwest,1,0,0,0,1,Orchard Park Southwest
osborn place,0,0,1,0,1,OSBORN PLACE
oscander place,1,0,0,0,1,Oscander Place
ostransky estates,0,1,0,0,1,Ostransky Estates
wittmuss addition,0,0,1,0,1,Wittmuss Addition
cherry ridge lot 300 block,0,0,0,1,1,CHERRY RIDGE LOT 300 BLOCK
cherry ridge west ii,1,0,0,0,1,Cherry Ridge West II
orchard hill lot 6,1,0,0,0,1,orchard hill lot 6
orchard hill rep 14*,0,0,1,0,1,ORCHARD HILL REP 14*
orchard homes,1,0,0,0,1,Orchard Homes
old orchard place ii,0,0,1,0,1,Old Orchard Place II
chad villa,0,0,0,1,1,Chad Villa
cedar place,0,0,0,1,1,Cedar Place
cedar ridge add,1,0,0,0,1,Cedar Ridge Add
cedar side addition replat,0,0,0,1,1,CEDAR SIDE ADDITION REPLAT
cedar view replat 1,0,0,0,1,1,CEDAR VIEW REPLAT 1
cedarbrook,1,0,0,0,1,Cedarbrook
patterson,1,0,0,0,1,Patterson
patterson heights add,0,0,0,1,1,PATTERSON HEIGHTS ADD
pattersons 1st add t,0,0,1,0,1,PATTERSONS 1ST ADD T
pattersons replat,1,0,0,0,1,Pattersons Replat
pacific springs rep 7,0,0,0,1,1,PACIFIC SPRINGS REP 7
parrys revision 1st to inst pl,0,0,0,1,1,PARRYS REVISION 1ST TO INST PL
patricks 2nd saratoga,0,0,1,0,1,PATRICKS 2ND SARATOGA
patricks-a-add,0,1,0,0,1,Patricks-A-Add
parkers add rep 4,0,0,0,1,1,Parkers Add Rep 4
parkers add replat,0,0,1,0,1,Parkers Add Replat
parkers addition,0,1,0,0,1,Parkers Addition
parkvale sub,0,0,1,0,1,PARKVALE SUB
parry's revision,1,0,0,0,1,Parry's Revision
parrys,0,1,0,0,1,PARRYS
park view heights repla,0,1,0,0,1,Park View Heights Repla
park view heights replat iii,0,0,0,1,1,PARK VIEW HEIGHTS REPLAT III
pattersons sub,0,1,0,0,1,PATTERSONS SUB
pacha's first addition,1,0,0,0,1,Pacha's First Addition
pacific gables,1,0,0,0,1,Pacific Gables
pacific heights replat,0,0,0,1,1,PACIFIC HEIGHTS REPLAT
pacific heights replat iii,0,0,0,1,1,PACIFIC HEIGHTS REPLAT III
pacific meadows 2nd,0,0,1,0,1,Pacific Meadows 2nd
overland hills lll,1,0,0,0,1,Overland Hills lll
overland hills vi,0,0,1,0,1,OVERLAND HILLS VI
overland hils,0,1,0,0,1,Overland Hils
overlook addn,0,0,1,0,1,Overlook Addn
overton 1st add,1,0,0,0,1,OVERTON 1ST ADD
overton 1st addition,0,1,0,0,1,Overton 1st Addition
central park lot 2 block 5 w 40 e 80 ft lts 1 &,1,0,0,0,1,CENTRAL PARK LOT 2 BLOCK 5 W 40 E 80 FT LTS 1 &
park lane lot 107 block 0 irreg,1,0,0,0,1,PARK LANE LOT 107 BLOCK 0 IRREG
park plaza condo,0,0,0,1,1,Park Plaza Condo
park view heights iv,1,0,0,0,1,PARK VIEW HEIGHTS IV
chalco (original town),1,0,0,0,1,CHALCO (ORIGINAL TOWN)
chalco point,1,0,0,0,1,Chalco Point
palomino hils,1,0,0,0,1,Palomino Hils
park drive,0,1,0,0,1,PARK DRIVE
park forrest,0,1,0,0,1,Park Forrest
centennia,1,0,0,0,1,Centennia
center horizon,0,1,0,0,1,Center Horizon
central park 1st add,0,0,1,0,1,CENTRAL PARK 1ST ADD
oxford place,0,0,1,0,1,Oxford Place
o'rourke place,0,0,0,1,1,O'Rourke Place
oak chathm,0,1,0,0,1,OAK CHATHM
oak heights 2nd add.,1,0,0,0,1,Oak Heights 2nd Add.
oak heights third platting lot 10 block 21 irreg,0,0,0,1,1,OAK HEIGHTS THIRD PLATTING LOT 10 BLOCK 21 IRREG
norwick addition,0,0,1,0,1,Norwick Addition
norwood addition,0,1,0,0,1,Norwood Addition
not in subdivision,0,1,0,0,1,NOT IN SUBDIVISION
o roure,1,0,0,0,1,O ROURE
o'neals subdivision,0,0,0,1,1,O'Neals Subdivision
northwest village 2nd add,1,0,0,0,1,NORTHWEST VILLAGE 2ND ADD
olmstead terrace,0,0,0,1,1,Olmstead Terrace
"northwest village, 2nd add",0,0,0,1,1,"Northwest Village, 2nd ADD"
northwood heights,0,1,0,0,1,Northwood Heights
norwick 2nd add,0,1,0,0,1,Norwick 2nd Add
norwick add,0,0,0,1,1,Norwick Add
oak hills estate,0,0,1,0,1,Oak Hills Estate
oak hills golfing green,0,1,0,0,1,Oak Hills Golfing Green
oak hills highland,0,1,0,0,1,Oak Hills Highland
oak hills highlands cond prop,0,0,0,1,1,OAK HILLS HIGHLANDS COND PROP
oak hills highlands cond prop reg 3,0,0,1,0,1,OAK HILLS HIGHLANDS COND PROP REG 3
oak park 1,0,0,0,1,1,Oak Park 1
cinnamon creek 2nd,0,0,1,0,1,Cinnamon Creek 2nd
northwest village 2nd add rep 9 lot1 block0,0,1,0,0,1,Northwest Village 2nd add Rep 9 lot1 block0
northwest,0,0,0,1,1,Northwest
northampton,0,0,1,0,1,Northampton
northampton townhomes,0,0,0,1,1,NORTHAMPTON TOWNHOMES
northcrest,0,0,0,1,1,NORTHCREST
northcrest add,0,0,1,0,1,NORTHCREST ADD
northern hills estates two,0,0,1,0,1,Northern Hills Estates Two
northern hills estates two replat 1,0,0,1,0,1,NORTHERN HILLS ESTATES TWO REPLAT 1
north streams / ruscello ruscello / north streams,0,0,0,1,1,NORTH STREAMS / RUSCELLO RUSCELLO / NORTH STREAMS
north streams north streams/ruscello ruscello,0,0,1,0,1,North Streams North Streams/Ruscello Ruscello
north streams replat one,0,0,0,1,1,NORTH STREAMS REPLAT ONE
north streams/ruscello,0,0,1,0,1,North Streams/Ruscello
chesnut hills,0,1,0,0,1,chesnut hills
north streams/ruscello ruscello/north stream ruscello north streams,0,1,0,0,1,North Streams/Ruscello Ruscello/North Stream Ruscello North Streams
north ridge heights lot 47 block 0 irreg,0,0,0,1,1,NORTH RIDGE HEIGHTS LOT 47 BLOCK 0 IRREG
north shore (lots 302-362 & outlots e-h),0,1,0,0,1,NORTH SHORE (LOTS 302-362 & OUTLOTS E-H)
north shore | the cove,0,0,0,1,1,North Shore | The Cove
north side acres,1,0,0,0,1,North Side Acres
oak hieghts 2nd platting,0,0,0,1,1,OAK HIEGHTS 2ND PLATTING
oak hill,0,0,0,1,1,Oak Hill
oak hill -2,0,0,0,1,1,OAK HILL -2
oak hill of papillion,0,0,0,1,1,OAK HILL of Papillion
cherry ridge west two rep one,0,0,1,0,1,CHERRY RIDGE WEST TWO REP ONE
cherrycroft addition,0,0,1,0,1,Cherrycroft Addition
north streams/ruscello ruscello /north streams ruscello,0,0,0,1,1,North streams/ruscello Ruscello /north streams Ruscello
oaktowne square condo,0,0,1,0,1,OAKTOWNE SQUARE CONDO
oberne & hosicks add,0,0,1,0,1,OBERNE & HOSICKS ADD
offutt towers,0,0,0,1,1,Offutt Towers
oakhurst replat three,1,0,0,0,1,Oakhurst Replat Three
oakleigh,0,0,0,1,1,Oakleigh
oakmont rep 1,0,0,0,1,1,OAKMONT REP 1
oakmont rep 2,0,1,0,0,1,OAKMONT REP 2
oaks heights,0,0,0,1,1,Oaks Heights
oaks of fonetenelle condominium property regime,0,0,0,1,1,OAKS OF FONETENELLE CONDOMINIUM PROPERTY REGIME
oak ridge estates,0,1,0,0,1,Oak Ridge Estates
cinnamon estates,0,0,1,0,1,Cinnamon Estates
oakdale add,0,1,0,0,1,Oakdale ADD
oakdale addition,0,1,0,0,1,OAKDALE ADDITION
oakhurst park rep 1*,0,0,0,1,1,OAKHURST PARK REP 1*
omaha view ext,0,0,1,0,1,OMAHA VIEW EXT
omaha view replat 13 lot 5 block 0 lot 5 6925 sqft,0,1,0,0,1,OMAHA VIEW REPLAT 13 LOT 5 BLOCK 0 LOT 5 6925 SQFT
orchard,1,0,0,0,1,Orchard
orchard heights 1st add,0,0,0,1,1,ORCHARD HEIGHTS 1ST ADD
orchard heights 3rd add,0,0,0,1,1,Orchard Heights 3rd ADD
chandler hhills,0,1,0,0,1,Chandler Hhills
oliver add 2,1,0,0,0,1,Oliver Add 2
"olivo estates replat 1, olivo estates replat 2",0,0,1,0,1,"OLIVO ESTATES REPLAT 1, OLIVO ESTATES REPLAT 2"
oakbrook meadows lot 232 block 0 irreg,1,0,0,0,1,OAKBROOK MEADOWS LOT 232 BLOCK 0 IRREG
oak hills cond prop regime,0,1,0,0,1,OAK HILLS COND PROP REGIME
oak hills cond prop regime no 1 lot 11 block 0 apt 11--4.11 pct of tot,1,0,0,0,1,OAK HILLS COND PROP REGIME NO 1 LOT 11 BLOCK 0 APT 11--4.11 PCT OF TOT
oak hills cond prop regime no 2,0,0,0,1,1,OAK HILLS COND PROP REGIME NO 2
oak hills cond property regime no 2,0,0,0,1,1,Oak Hills Cond Property Regime No 2
oak hills condo property regime no 2,0,0,0,1,1,Oak Hills Condo Property Regime No 2
oak hills condominium,0,0,0,1,1,Oak Hills Condominium
church hill,1,0,0,0,1,Church Hill
cimarron,0,1,0,0,1,CIMARRON
cimarron 1,0,0,1,0,1,Cimarron 1
cimarron woods east,0,0,1,0,1,Cimarron Woods East
cimarron woods villas,0,0,1,0,1,Cimarron Woods Villas
"oaks of fontenelle condominium property, sarpy county, ne",1,0,0,0,1,"Oaks of Fontenelle Condominium Property, Sarpy County, NE"
cimmarron woods,0,1,0,0,1,Cimmarron Woods
chestnut hill,0,0,1,0,1,Chestnut Hill
chestnut ridge replat,0,0,1,0,1,CHESTNUT RIDGE REPLAT
childrens,0,0,1,0,1,Childrens
childs estate acres replat iv,0,0,0,1,1,CHILDS ESTATE ACRES REPLAT IV
christen heights,1,0,0,0,1,Christen Heights
okahoma -s e rogers-,0,0,1,0,1,OKAHOMA -S E ROGERS-
okahoma-s e rogers,0,1,0,0,1,Okahoma-S E Rogers
okahome,0,0,1,0,1,Okahome
oaks of fontenelle condominium prop,1,0,0,0,1,Oaks of Fontenelle Condominium Prop
oaks of fontenelle condominium property regime,0,0,0,1,1,OAKS OF FONTENELLE CONDOMINIUM PROPERTY REGIME
cimeron woods,1,0,0,0,1,Cimeron Woods
quail run l 259 b 0 irreg,1,0,0,0,1,Quail Run L 259 B 0 Irreg
qual run valley,1,0,0,0,1,Qual Run Valley
queens,0,1,0,0,1,QUEENS
queens add,0,1,0,0,1,Queens Add
prerost,1,0,0,0,1,Prerost
prokop place,1,0,0,0,1,PROKOP PLACE
pruyn park 1st add,0,0,1,0,1,PRUYN PARK 1ST ADD
pruyn park 1st add . lot 20 block 1 n 62 ft lts 19 & 62 x 100,0,0,0,1,1,PRUYN PARK 1ST ADD . LOT 20 BLOCK 1 N 62 FT LTS 19 & 62 X 100
pruyn park 1st add lot 18 block 1 e 35 ft 35 x 128,0,0,0,1,1,PRUYN PARK 1ST ADD LOT 18 BLOCK 1 E 35 FT 35 X 128
ramblewood replat 2,0,0,1,0,1,Ramblewood Replat 2
park view hts 2nd addn,0,1,0,0,1,Park View Hts 2nd Addn
ramm's,1,0,0,0,1,Ramm's
ramseys,0,0,1,0,1,Ramseys
ranch view estates 2,0,0,0,1,1,RANCH VIEW ESTATES 2
ranch view estates iii,1,0,0,0,1,Ranch View Estates III
ranch view estates replat 3,0,0,0,1,1,RANCH VIEW ESTATES REPLAT 3
camenzind height,0,0,0,1,1,CAMENZIND HEIGHT
camenzind heights 2nd add lot 10 block 0 80 x 100,0,0,1,0,1,CAMENZIND HEIGHTS 2ND ADD LOT 10 BLOCK 0 80 X 100
rambleridge replat,1,0,0,0,1,RAMBLERIDGE REPLAT
rambleridge replat v,1,0,0,0,1,Rambleridge Replat V
ramblewood replat,0,0,1,0,1,RAMBLEWOOD REPLAT
callahan's,0,0,0,1,1,Callahan's
ramblewood replat ll,0,0,0,1,1,Ramblewood Replat LL
potter and cobbs,1,0,0,0,1,POTTER AND COBBS
praire hills,0,1,0,0,1,Praire Hills
praire pointe,0,0,1,0,1,Praire Pointe
praire toehold,0,1,0,0,1,Praire Toehold
prairei lane,0,1,0,0,1,Prairei Lane
prairie acres,0,0,1,0,1,Prairie Acres
prairie hills add,0,1,0,0,1,Prairie Hills Add
prairie hills replat two,0,0,1,0,1,Prairie Hills Replat Two
portlan place,1,0,0,0,1,Portlan Place
potter & cobbs 2nd,0,1,0,0,1,Potter & cobbs 2nd
potter & george replat no. 1,0,0,1,0,1,POTTER & GEORGE REPLAT NO. 1
quail ridge on skyline dr,0,1,0,0,1,Quail Ridge on Skyline Dr
calarosa east & vistancia,0,0,1,0,1,Calarosa East & Vistancia
calarosa east calarosa vistancia vistancia/calarosa,0,0,0,1,1,Calarosa East Calarosa Vistancia Vistancia/Calarosa
calarosa estates,0,0,1,0,1,Calarosa Estates
r j addition,1,0,0,0,1,R J ADDITION
radford heights replat,0,0,0,1,1,RADFORD HEIGHTS REPLAT
rahns subdivision,1,0,0,0,1,Rahns Subdivision
rainwood estates,0,0,1,0,1,Rainwood Estates
rainwood gardens,0,0,0,1,1,Rainwood Gardens
ralston add lot 5 block 33 17 ft strip & 1/2 vac alley adj & lts 3-4 &,1,0,0,0,1,RALSTON ADD LOT 5 BLOCK 33 17 FT STRIP & 1/2 VAC ALLEY ADJ & LTS 3-4 &
ralston replat,0,1,0,0,1,Ralston Replat
pullmans place,0,1,0,0,1,Pullmans Place
ralston replat nine,0,0,1,0,1,Ralston Replat Nine
raven heights,0,0,1,0,1,Raven Heights
reckard's replat,1,0,0,0,1,Reckard's Replat
red oak,0,0,0,1,1,Red Oak
red oak add,0,0,0,1,1,Red Oak Add
residence at west dodge station,0,1,0,0,1,Residence at West Dodge Station
residences at west dodge station lot 132 block 0 irreg,1,0,0,0,1,RESIDENCES AT WEST DODGE STATION LOT 132 BLOCK 0 IRREG
residences at west dodge station lot 196 block 0,0,0,1,0,1,Residences at West Dodge Station Lot 196 Block 0
residences at west dodge station lot 7 block 0 irreg,1,0,0,0,1,Residences at West Dodge Station Lot 7 Block 0  IRREG
residences on green pacific springs,0,1,0,0,1,Residences on Green Pacific Springs
residences on grn pac springs rep 1,0,1,0,0,1,Residences On Grn Pac Springs Rep 1
callahan's subdivision,0,0,0,1,1,Callahan's Subdivision
replat of green acres addition,0,1,0,0,1,REPLAT OF GREEN ACRES ADDITION
replat of hillside forest subdivision,0,0,0,1,1,REPLAT OF HILLSIDE FOREST SUBDIVISION
replat of lot 32 dee's addition,0,0,0,1,1,Replat of Lot 32 Dee's Addition
"replat of lots 1-6, so 13' of lot 8, 9-1",1,0,0,0,1,"REPLAT OF LOTS 1-6, SO 13' OF LOT 8, 9-1"
replat of tax lot 17 26-14-12,0,0,1,0,1,Replat Of Tax Lot 17 26-14-12
regis residential condo,0,0,1,0,1,Regis Residential Condo
remco,0,0,0,1,1,REMCO
remington rdg,0,0,1,0,1,REMINGTON RDG
remington west remington ridge west,0,1,0,0,1,Remington West REMINGTON RIDGE WEST
regency townhome,0,1,0,0,1,Regency Townhome
regency townhomes 1st add,0,0,0,1,1,REGENCY TOWNHOMES 1ST ADD
replat ii quail creek,0,0,0,1,1,REPLAT II QUAIL CREEK
camden grove replat 2,0,0,1,0,1,Camden Grove Replat 2
camden grove town -home,1,0,0,0,1,Camden Grove Town -Home
camden grove townhomes,1,0,0,0,1,Camden Grove Townhomes
calco james,0,1,0,0,1,Calco James
caldwell acre,0,0,1,0,1,CALDWELL ACRE
caldwell acres lot 10 block 6,0,0,0,1,1,Caldwell Acres Lot 10 Block 6
reese kyncade replat one,0,0,1,0,1,REESE KYNCADE REPLAT ONE
regency 5th add,0,0,0,1,1,REGENCY 5TH ADD
regency 6th add,0,0,0,1,1,REGENCY 6TH ADD
regency 6th add lot 357 block 0 irreg,1,0,0,0,1,Regency 6th Add lot 357 Block 0 Irreg
redmans sub,1,0,0,0,1,REDMANS SUB
randolphn place,1,0,0,0,1,randolphn place
reeds 3rd addition,1,0,0,0,1,Reeds 3rd addition
redicks -clark-add,1,0,0,0,1,REDICKS -CLARK-ADD
redicks 2nd add,0,1,0,0,1,REDICKS 2ND ADD
redicks 2nd addition,1,0,0,0,1,REDICKS 2ND ADDITION
redicks clark,1,0,0,0,1,Redicks Clark
redicks clark add,0,1,0,0,1,Redicks Clark Add
redicks jl sub,1,0,0,0,1,Redicks JL Sub
redicks- clarks,0,1,0,0,1,REDICKS- CLARKS
ranches replat 1,0,0,0,1,1,Ranches Replat 1
ranchview estates,1,0,0,0,1,Ranchview Estates
randolph place 1st addition,1,0,0,0,1,Randolph Place 1st Addition
reeds 2nd add,0,0,0,1,1,REEDS 2ND ADD
paxton condominiums,0,1,0,0,1,Paxton Condominiums
pearl acres,0,0,0,1,1,Pearl Acres
pebblebrook 2,0,0,1,0,1,Pebblebrook 2
phesant run,0,1,0,0,1,Phesant Run
phillips addition,0,0,1,0,1,Phillips Addition
piedmont wycliffe,0,1,0,0,1,Piedmont Wycliffe
pier 15 replat 1 lot 2 block 0 lot 2 8068 sq ft,1,0,0,0,1,PIER 15 REPLAT 1 LOT 2 BLOCK 0 LOT 2 8068 SQ FT
cedar grove replat 1,0,0,0,1,1,CEDAR GROVE REPLAT 1
petersen's prospect hill,0,0,0,1,1,Petersen's Prospect Hill
petersens replat,0,0,0,1,1,Petersens Replat
prairie village repla,0,0,1,0,1,PRAIRIE VILLAGE REPLA
pheasant run replat ii lot 88 block 0 58.33 x 112.50,1,0,0,0,1,PHEASANT RUN REPLAT II LOT 88 BLOCK 0 58.33 X 112.50
catalpa,1,0,0,0,1,Catalpa
cattail creek iii,0,0,0,1,1,Cattail Creek III
cattail creek rep 2*,0,0,1,0,1,CATTAIL CREEK REP 2*
cascio's ii,0,1,0,0,1,Cascio's II
cascio's subdivision ii,0,0,1,0,1,CASCIO'S SUBDIVISION II
cascio's subdivision iii,1,0,0,0,1,CASCIO'S SUBDIVISION III
cascios subv iii,1,0,0,0,1,CASCIOS SUBV III
cat tail creek,0,1,0,0,1,Cat Tail Creek
pink,0,0,0,1,1,Pink
pioneer view papillion ne,0,0,1,0,1,Pioneer View Papillion NE
pheasant run replat 111,0,0,0,1,1,Pheasant Run Replat 111
park wild add,1,0,0,0,1,PARK WILD ADD
parkers add,0,1,0,0,1,PARKERS ADD
cartthage,0,1,0,0,1,Cartthage
cascio addition no. 1,0,0,1,0,1,Cascio Addition No. 1
cascio no 1,1,0,0,0,1,Cascio No 1
cascio subdivision iii,0,0,0,1,1,Cascio Subdivision III
cascio subdivision no 1,0,0,1,0,1,Cascio Subdivision NO 1
cascio subdivision no. 1,0,0,0,1,1,Cascio Subdivision No. 1
cascio's,1,0,0,0,1,Cascio's
pepperwood lot 91 block 0,0,0,1,0,1,PEPPERWOOD LOT 91 BLOCK 0
perrys park,0,1,0,0,1,Perrys Park
paxton condominium,0,0,1,0,1,Paxton Condominium
peters 1st add lot 18 block 0,0,1,0,0,1,PETERS 1ST ADD LOT 18 BLOCK 0
peters 1st addition,0,0,1,0,1,Peters 1st Addition
pebblebrooke replat 1,0,1,0,0,1,PEBBLEBROOKE REPLAT 1
pedersens high country estates,0,1,0,0,1,Pedersens High Country Estates
penfield,0,1,0,0,1,Penfield
penfield sub div,0,0,1,0,1,PENFIELD SUB DIV
penfields,0,0,1,0,1,Penfields
pennington heights,1,0,0,0,1,Pennington Heights
pepperwood lot 674 block 0 irreg,0,0,1,0,1,PEPPERWOOD LOT 674 BLOCK 0 IRREG
pauls g f,0,0,1,0,1,Pauls G F
paxton,1,0,0,0,1,PAXTON
peters 1st add,1,0,0,0,1,Peters 1st Add
canterbury south,1,0,0,0,1,Canterbury South
carlberg place,1,0,0,0,1,CARLBERG PLACE
carriage hil,0,0,0,1,1,Carriage Hil
carriage hill forth platting,0,0,0,1,1,CARRIAGE HILL FORTH PLATTING
candelwood ii,0,1,0,0,1,Candelwood II
candlewood ii rep 2,0,0,0,1,1,CANDLEWOOD II REP 2
caniglias mobile home park,1,0,0,0,1,Caniglias Mobile Home Park
canterberrry crossing,0,0,0,1,1,Canterberrry Crossing
canterberry,0,0,1,0,1,Canterberry
canterburry south,0,0,0,1,1,CANTERBURRY SOUTH
camezind highland,0,0,1,0,1,Camezind Highland
plantation the,0,0,0,1,1,PLANTATION THE
campbell add.,1,0,0,0,1,Campbell Add.
campbell's add,0,0,1,0,1,Campbell's Add
campbell's subdivision of block 4 of alb,0,0,0,1,1,CAMPBELL'S SUBDIVISION OF BLOCK 4 OF ALB
prairie villiage,1,0,0,0,1,PRAIRIE VILLIAGE
prarie hills add.,1,0,0,0,1,Prarie Hills ADD.
prarie village,0,0,0,1,1,PRARIE VILLAGE
pratts replat,1,0,0,0,1,Pratts Replat
prairie pointe lot 256 block 0 irreg,1,0,0,0,1,Prairie Pointe Lot 256 Block 0 Irreg
prairie pointe lot 359 blk 0 irreg,0,1,0,0,1,Prairie Pointe Lot 359 Blk 0 Irreg
prairie ridge estates,1,0,0,0,1,Prairie Ridge Estates
prairie ridge replat 1,0,1,0,0,1,PRAIRIE RIDGE REPLAT 1
campbell,1,0,0,0,1,CAMPBELL
platteview,1,0,0,0,1,PLATTEVIEW
pleasant hill martin's,0,0,0,1,1,Pleasant Hill Martin's
pleasant hill or martin's subdivision,0,0,0,1,1,PLEASANT HILL OR MARTIN'S SUBDIVISION
pinevale add.,1,0,0,0,1,Pinevale Add.
pinewood 4th add,1,0,0,0,1,Pinewood 4th Add
pinewood 4th addition,0,0,0,1,1,Pinewood 4th Addition
pinewood addition,0,1,0,0,1,Pinewood Addition
pikes first addition to south papillion,0,0,0,1,1,Pikes First Addition To South Papillion
pinale add,0,1,0,0,1,Pinale ADD
pinecrest lot,0,0,1,0,1,Pinecrest Lot
pinehurst,0,0,0,1,1,Pinehurst
canterbury crossing,0,0,0,1,1,Canterbury Crossing
pierces,0,0,1,0,1,Pierces
pierces sub,1,0,0,0,1,Pierces Sub
pierces subdivision,0,0,1,0,1,Pierces Subdivision
piersons,0,0,1,0,1,Piersons
pike's first add to south papillion,0,1,0,0,1,Pike's First Add to South Papillion
pikes,1,0,0,0,1,Pikes
pleasure lakes add,1,0,0,0,1,Pleasure Lakes Add
point sans arc,0,0,1,0,1,Point Sans Arc
ponca hills estates,0,1,0,0,1,Ponca Hills Estates
ponca hills twilight hills,1,0,0,0,1,Ponca Hills Twilight Hills
poppleton park lot 20 block 15 e 40 ft lt 40 x 128,1,0,0,0,1,POPPLETON PARK LOT 20 BLOCK 15 E 40 FT LT 40 X 128
pier 15 replat 1 lot 5 block 0 lot 5 7717 sq ft,1,0,0,0,1,PIER 15 REPLAT 1 LOT 5 BLOCK 0 LOT 5 7717 SQ FT
mapleveiw,0,0,1,0,1,Mapleveiw
mapleview addition,1,0,0,0,1,Mapleview Addition
maplewood village,1,0,0,0,1,Maplewood Village
maranatha,0,0,1,0,1,Maranatha
marian park,1,0,0,0,1,Marian Park
manchester ridge 2nd add lot 24 block 0 irreg,0,0,1,0,1,MANCHESTER RIDGE 2ND ADD LOT 24 BLOCK 0 IRREG
maple crest condominium,1,0,0,0,1,Maple Crest Condominium
maple crest condominium prop.,0,1,0,0,1,Maple Crest Condominium Prop.
maple hill ii,0,0,1,0,1,Maple Hill II
maple hill ii lot 12 block 0 irreg,1,0,0,0,1,MAPLE HILL II LOT 12 BLOCK 0 IRREG
northshore commercial (the cove),0,0,0,1,1,Northshore Commercial (The Cove)
matthews subdivision,0,1,0,0,1,Matthews Subdivision
matya acres,0,1,0,0,1,Matya Acres
matyja rock valley,0,0,0,1,1,Matyja Rock Valley
martha place,0,0,0,1,1,MARTHA PLACE
martin grace,0,0,0,1,1,MARTIN GRACE
mary janes addition,0,0,0,1,1,Mary Janes Addition
marysville add,0,0,0,1,1,MARYSVILLE ADD
mason north,0,0,1,0,1,Mason North
country club manner,1,0,0,0,1,Country Club Manner
country club mano,0,1,0,0,1,COUNTRY CLUB MANO
country club manor condominium,0,0,1,0,1,Country Club Manor Condominium
matthews,0,1,0,0,1,Matthews
maenner-west,0,0,1,0,1,Maenner-West
maenner-westbrook lot 1 block 1,0,0,0,1,1,MAENNER-WESTBROOK LOT 1 BLOCK 1
maennerwestbrook,0,0,0,1,1,MAENNERWESTBROOK
maginn's,1,0,0,0,1,MAGINN'S
maginns,0,0,1,0,1,Maginns
maenner - south,0,0,0,1,1,Maenner - South
maenner - south additioin,1,0,0,0,1,MAENNER - SOUTH ADDITIOIN
maenner and wilsons,0,1,0,0,1,Maenner and Wilsons
maenner hillside add,1,0,0,0,1,Maenner Hillside Add
maenner hillside addition,1,0,0,0,1,Maenner Hillside Addition
maenner- south add,0,0,1,0,1,Maenner- South Add
marshs add lot 11 block 4 50 x 124.5,1,0,0,0,1,MARSHS ADD LOT 11 BLOCK 4 50 X 124.5
marshs add.,0,0,1,0,1,Marshs Add.
cottonwood 2nd addition,1,0,0,0,1,COTTONWOOD 2ND ADDITION
cottonwood 3rd addition,0,1,0,0,1,Cottonwood 3rd Addition
cottonwood 4th add,1,0,0,0,1,Cottonwood 4th Add
cottonwood 4th addition,1,0,0,0,1,Cottonwood 4th Addition
cottonwood creek replat one,0,0,1,0,1,COTTONWOOD CREEK REPLAT ONE
marie's,1,0,0,0,1,MARIE'S
marion place,0,0,1,0,1,MARION PLACE
marions add,0,0,0,1,1,MARIONS ADD
marsha add,0,0,0,1,1,Marsha ADD
marshal and lobecks,1,0,0,0,1,Marshal and Lobecks
maenner-hillside addition,0,0,1,0,1,Maenner-Hillside Addition
mayne & rileys,0,1,0,0,1,Mayne & Rileys
maxwell,1,0,0,0,1,Maxwell
mayberry,0,0,0,1,1,Mayberry
mayberrys,0,0,0,1,1,Mayberrys
meanner-westbrook,0,0,1,0,1,Meanner-Westbrook
meddow lane,1,0,0,0,1,Meddow Lane
medlocks,0,0,1,0,1,Medlocks
meinershagen addition,0,0,1,0,1,Meinershagen Addition
mel aire,1,0,0,0,1,Mel Aire
melia,0,0,0,1,1,Melia
country club manor lot 133 block 0 62 x 135,0,1,0,0,1,COUNTRY CLUB MANOR LOT 133 BLOCK 0 62 X 135
meadowbrooks homes,0,0,0,1,1,Meadowbrooks Homes
meadows replat,0,0,1,0,1,MEADOWS REPLAT
meadows replat ix the,1,0,0,0,1,MEADOWS REPLAT IX THE
meadows ridge,0,1,0,0,1,Meadows Ridge
meanner meadows,0,0,1,0,1,Meanner Meadows
meadow lane addition,0,0,1,0,1,Meadow Lane Addition
meadow ridge rep 1*,0,0,0,1,1,MEADOW RIDGE REP 1*
meadow terrace 2nd,0,1,0,0,1,MEADOW TERRACE 2ND
mcentees,0,0,1,0,1,MCENTEES
mcintosh,0,0,1,0,1,Mcintosh
mcintoshs sub div,1,0,0,0,1,Mcintoshs sub div
meadowbrook estates,0,0,0,1,1,Meadowbrook Estates
country club woods,0,0,1,0,1,Country Club Woods
country estates,0,0,0,1,1,Country Estates
country aire ii,1,0,0,0,1,Country Aire II
country club acres replat i,0,0,1,0,1,COUNTRY CLUB ACRES REPLAT I
country club add,0,0,1,0,1,COUNTRY CLUB ADD
country club apt condo property regime,0,0,0,1,1,Country Club Apt Condo Property Regime
country club dist.,0,0,1,0,1,Country Club Dist.
country club estates,1,0,0,0,1,Country Club Estates
maynes addition to orchard hill,0,0,1,0,1,Maynes Addition to Orchard Hill
mc entees,1,0,0,0,1,Mc Entees
mc entees add,0,0,1,0,1,MC ENTEES ADD
mayne & riley's,0,0,1,0,1,Mayne & Riley's
mcdonald's addition,0,0,0,1,1,McDonald's Addition
mcdonald's second addition,0,0,1,0,1,MCDONALD'S SECOND ADDITION
mayne & rileys sub,0,0,1,0,1,MAYNE & RILEYS SUB
mayne -c e- 1st add lot 14 block 2 50 x 128,1,0,0,0,1,MAYNE -C E- 1ST ADD LOT 14 BLOCK 2 50 X 128
mayne -ce-,0,0,0,1,1,Mayne -CE-
mayne c e,1,0,0,0,1,MAYNE C E
mayne ce,1,0,0,0,1,Mayne CE
mayne ce 1st add,0,0,0,1,1,MAYNE CE 1st Add
mayfair add-replat lot 10 block 0 irreg,0,1,0,0,1,MAYFAIR ADD-REPLAT LOT 10 BLOCK 0 IRREG
mayfair addition,1,0,0,0,1,Mayfair Addition
mayfair replat one,0,0,0,1,1,Mayfair Replat One
mcavins,0,1,0,0,1,McAvins
lot 367 clearwater falls,0,0,0,1,1,LOT 367 CLEARWATER FALLS
lot 37 belterra,0,0,1,0,1,LOT 37 BELTERRA
"lot 38, summer hill farm",1,0,0,0,1,"LOT 38, SUMMER HILL FARM"
lot 39 lakeview,0,0,1,0,1,LOT 39 LAKEVIEW
lot 252 hickory hill ii,1,0,0,0,1,Lot 252 Hickory Hill II
lot 26 hidden hollow,0,1,0,0,1,LOT 26 HIDDEN HOLLOW
lot 26 wilson and johnson second addition,0,0,0,1,1,Lot 26 Wilson and Johnson Second Addition
lot 282 sumtur crossing,0,0,0,1,1,LOT 282 SUMTUR CROSSING
lot 3 fair acres addition,0,1,0,0,1,lot 3 Fair Acres Addition
lot 3 wilson & johnson second subdivision,0,0,0,1,1,LOT 3 WILSON & JOHNSON SECOND SUBDIVISION
maenner-south add lot 7 block 4 irreg,0,1,0,0,1,MAENNER-SOUTH ADD LOT 7 BLOCK 4 IRREG
lot 30 park view heights,0,0,0,1,1,LOT 30 PARK VIEW HEIGHTS
lowes sub,0,0,1,0,1,LOWES SUB
lowes sub div,0,1,0,0,1,LOWES SUB DIV
lows second addition,0,0,1,0,1,Lows Second Addition
lubbes,1,0,0,0,1,Lubbes
lubbes sub div,0,1,0,0,1,LUBBES SUB DIV
countryside,1,0,0,0,1,COUNTRYSIDE
loves,0,0,1,0,1,Loves
loves add,1,0,0,0,1,Loves Add
lovett & woodman,0,0,1,0,1,Lovett & Woodman
lovett & woodman sub div,0,0,1,0,1,LOVETT & WOODMAN SUB DIV
lot 30 bridgeport,0,0,0,1,1,LOT 30 BRIDGEPORT
lot 106 chandler hills,0,0,0,1,1,LOT 106 CHANDLER HILLS
lot 106 lincoln way,1,0,0,0,1,LOT 106 LINCOLN WAY
lot 116 quail creek,0,1,0,0,1,LOT 116 QUAIL CREEK
lot 117 tara heights,0,1,0,0,1,Lot 117 Tara Heights
lot 47 college heights,0,1,0,0,1,Lot 47 College Heights
"lot 49 golden hills, sarpy county, ne",0,1,0,0,1,"Lot 49 Golden Hills, Sarpy County, NE"
lot 5 ashbury hills replat one,1,0,0,0,1,LOT 5 ASHBURY HILLS REPLAT ONE
lot 50 highlands ridge,0,0,0,1,1,LOT 50 HIGHLANDS RIDGE
lot 54 hills of aspen creek,1,0,0,0,1,LOT 54 HILLS OF ASPEN CREEK
lot 540 millard highlands south replat ii,0,0,1,0,1,LOT 540 MILLARD HIGHLANDS SOUTH REPLAT II
lot 56 hidden hollow,0,1,0,0,1,LOT 56 HIDDEN HOLLOW
lot 352 la vista replat,0,0,0,1,1,LOT 352 LA VISTA REPLAT
lot 4 hunters ridge,0,1,0,0,1,LOT 4 HUNTERS RIDGE
lot 4 koll heights,0,0,0,1,1,Lot 4 Koll Heights
lot 4 svendsen acres one,0,0,0,1,1,Lot 4 Svendsen Acres One
lot 4 tregaron,0,0,1,0,1,Lot 4 Tregaron
lot 44 fontenelle hills ii,0,1,0,0,1,LOT 44 FONTENELLE HILLS II
lot 448 millard park,0,1,0,0,1,LOT 448 MILLARD PARK
lot 45 harvest hills,1,0,0,0,1,LOT 45 HARVEST HILLS
lot 46 oak hills of papillion,1,0,0,0,1,LOT 46 OAK HILLS OF PAPILLION
lot 316 lincoln place fourth platting,0,0,1,0,1,LOT 316 LINCOLN PLACE FOURTH PLATTING
lot 328 la vista,0,1,0,0,1,LOT 328 La Vista
lot 344 willow springs,0,1,0,0,1,LOT 344 WILLOW SPRINGS
lot 58 harvest hills,0,0,0,1,1,LOT 58 HARVEST HILLS
ludwick place,0,0,1,0,1,LUDWICK PLACE
coventry ridge replat,0,1,0,0,1,Coventry Ridge Replat
coventry wood,0,0,0,1,1,Coventry Wood
covington ridge,0,1,0,0,1,COVINGTON RIDGE
cowles 1st add to valley,0,1,0,0,1,COWLES 1ST ADD TO VALLEY
countryside add,0,1,0,0,1,COUNTRYSIDE ADD
county club,0,1,0,0,1,County Club
county squire estates 2nd,1,0,0,0,1,COUNTY SQUIRE ESTATES 2ND
courtyard at park community condo,0,0,1,0,1,Courtyard at Park Community Condo
courtyard on park,0,1,0,0,1,Courtyard on Park
lovett and woodman,0,1,0,0,1,Lovett and Woodman
mallard lake phase 1 replat 1 lot 22 block 0,0,0,1,0,1,MALLARD LAKE PHASE 1 REPLAT 1 LOT 22 BLOCK 0
mallard lake phase 3,0,0,1,0,1,MALLARD LAKE PHASE 3
malloy addition - the brownstone,0,0,0,1,1,MALLOY ADDITION - THE BROWNSTONE
maloneys,0,0,1,0,1,MALONEYS
maloneys add,0,0,0,1,1,MALONEYS ADD
manchester ridge 2nd add,0,0,1,0,1,MANCHESTER RIDGE 2ND ADD
mahlochs,0,1,0,0,1,Mahlochs
mahlochs second addition,1,0,0,0,1,Mahlochs Second Addition
mahoney & minahands,0,1,0,0,1,Mahoney & Minahands
mahoney and minahans 1st,0,1,0,0,1,Mahoney and Minahans 1st
mallad heights,1,0,0,0,1,Mallad Heights
courtyard on park townhomes,1,0,0,0,1,Courtyard on Park Townhomes
low's 2nd addition,1,0,0,0,1,Low's 2nd Addition
"lowes 2nd add lot 4 block 6 w 55 ft, douglas co., ne",1,0,0,0,1,"Lowes 2nd ADD Lot 4 Block 6 W 55 Ft, Douglas Co., NE"
lot 77 southbrook,0,1,0,0,1,Lot 77 Southbrook
lot 92 river oaks,1,0,0,0,1,LOT 92 RIVER OAKS
lot 96 overland hills v,0,0,0,1,1,Lot 96 Overland Hills V
lots 3-5 rome's subdivision,1,0,0,0,1,LOTS 3-5 ROME'S SUBDIVISION
lots 7 & 8 dee's subdivision,0,1,0,0,1,LOTS 7 & 8 DEE'S SUBDIVISION
lot 582 springhill,0,0,1,0,1,LOT 582 SPRINGHILL
lot 597 la vista replat,0,0,0,1,1,LOT 597 LA VISTA REPLAT
lot 6 lincoln ridge,0,0,1,0,1,LOT 6 LINCOLN RIDGE
lot 605,0,1,0,0,1,LOT 605
lubi paul sub,0,1,0,0,1,Lubi Paul Sub
lot 66 chalco pointe 1st addition,0,1,0,0,1,LOT 66 CHALCO POINTE 1ST ADDITION
lot 66 park hills addition second platting,0,0,1,0,1,LOT 66 PARK HILLS ADDITION SECOND PLATTING
lot 68 western hills,0,0,1,0,1,Lot 68 Western Hills
lund's addition,0,1,0,0,1,Lund's Addition
mabrey addition,1,0,0,0,1,Mabrey Addition
madison,1,0,0,0,1,Madison
madison add,1,0,0,0,1,MADISON ADD
credit foncier lot 7 block 37 e 39 ft 39 x 132,0,1,0,0,1,CREDIT FONCIER LOT 7 BLOCK 37 E 39 FT 39 X 132
credit forcier,0,0,0,1,1,Credit Forcier
creighton,0,0,1,0,1,Creighton
creighton heights lot,1,0,0,0,1,CREIGHTON HEIGHTS LOT
lot 63 cascio's subdivision iii,0,0,0,1,1,LOT 63 CASCIO'S SUBDIVISION III
monarch grove condominium property regime,0,0,1,0,1,MONARCH GROVE CONDOMINIUM PROPERTY REGIME
monclair of westwood,0,1,0,0,1,Monclair of Westwood
monmouth park 1st replat,0,0,0,1,1,MONMOUTH PARK 1ST REPLAT
motts,0,0,1,0,1,Motts
mount douglas 2nd add,1,0,0,0,1,MOUNT DOUGLAS 2ND ADD
mount douglas add,0,0,1,0,1,MOUNT DOUGLAS ADD
mount pleasant addition,0,0,0,1,1,Mount Pleasant Addition
mount view,0,1,0,0,1,Mount View
mountain view estates,0,1,0,0,1,Mountain View Estates
clin-mar-estates,1,0,0,0,1,Clin-Mar-Estates
mcintoshs sub div lot 24 block 2 1/2 vac arbor st adj & n 33.33 ft w 1,0,1,0,0,1,MCINTOSHS SUB DIV LOT 24 BLOCK 2 1/2 VAC ARBOR ST ADJ & N 33.33 FT W 1
cloverdale lot,0,1,0,0,1,CLOVERDALE LOT
mossman & wilsons add rep five,0,0,0,1,1,Mossman & Wilsons ADD REP FIVE
motters,1,0,0,0,1,Motters
clairmont annex,1,0,0,0,1,CLAIRMONT ANNEX
claremont,0,0,1,0,1,Claremont
clausen acres,1,0,0,0,1,Clausen Acres
cletus place,0,0,1,0,1,Cletus Place
cleveland place replat one lot1 block 0 lt 1,0,0,1,0,1,CLEVELAND PLACE REPLAT ONE LOT1 BLOCK 0 LT 1
cittas 1st addition,1,0,0,0,1,Cittas 1st Addition
city,1,0,0,0,1,City
city of omaha,0,1,0,0,1,City of Omaha
clinton's subdivision,0,0,0,1,1,Clinton's Subdivision
conklin place,0,0,0,1,1,CONKLIN PLACE
connell add,0,1,0,0,1,Connell ADD
consentius,0,0,1,0,1,Consentius
consentius sub,0,1,0,0,1,CONSENTIUS SUB
consentius sub div,1,0,0,0,1,Consentius Sub Div
colonies replat iii,0,1,0,0,1,COLONIES REPLAT III
comer addition,1,0,0,0,1,Comer Addition
comines replat,0,0,1,0,1,COMINES REPLAT
concord place,0,1,0,0,1,Concord Place
morton meadows west side additon,0,0,1,0,1,Morton Meadows West Side Additon
mossman,0,0,1,0,1,Mossman
morman heights,1,0,0,0,1,MORMAN HEIGHTS
cittas,1,0,0,0,1,Cittas
morning side addition,1,0,0,0,1,Morning Side Addition
morning sun,0,0,0,1,1,Morning Sun
morningside add lot 276 block 0 41 x 133,1,0,0,0,1,MORNINGSIDE ADD LOT 276 BLOCK 0 41 X 133
morningside additions,1,0,0,0,1,Morningside Additions
morningside addn,0,0,1,0,1,Morningside Addn
morse & bruner place,0,0,0,1,1,Morse & Bruner Place
morton addition,1,0,0,0,1,Morton Addition
montclair of westwood south rep 10*,0,0,1,0,1,MONTCLAIR OF WESTWOOD SOUTH REP 10*
montclair or westwood north,1,0,0,0,1,MONTCLAIR OR WESTWOOD NORTH
monteray village,1,0,0,0,1,Monteray Village
citta's first addition,1,0,0,0,1,Citta's First Addition
north downtown,1,0,0,0,1,North Downtown
north park addition,0,1,0,0,1,North Park Addition
north ridge estates,0,0,1,0,1,North Ridge Estates
nielsens addition,1,0,0,0,1,NIELSENS ADDition
nielson's add,1,0,0,0,1,Nielson's Add
nielsons,0,0,0,1,1,Nielsons
nita add,1,0,0,0,1,Nita Add
nolan,0,0,0,1,1,Nolan
nor oaks,1,0,0,0,1,Nor Oaks
newport vista ii,0,0,0,1,1,Newport Vista II
city of springfield,0,0,0,1,1,City of Springfield
nicholsons add,1,0,0,0,1,Nicholsons Add
nielsens 2nd,0,0,0,1,1,Nielsens 2nd
nielsens 2nd addition,1,0,0,0,1,Nielsens 2nd Addition
nielsens add,0,0,0,1,1,NIELSENS ADD
newlon & guibson,1,0,0,0,1,Newlon & Guibson
newport addition,0,0,0,1,1,Newport Addition
newport hill lot 12 block 0 irreg 0.759 ac,0,0,1,0,1,NEWPORT HILL LOT 12 BLOCK 0 IRREG 0.759 AC
northfield addition,0,1,0,0,1,Northfield Addition
northridge farms,0,0,1,0,1,Northridge Farms
northridge heights,1,0,0,0,1,Northridge Heights
northshore,0,0,0,1,1,NORTHSHORE
newton add,0,0,0,1,1,NEWTON ADD
city of valley,0,0,1,0,1,City of Valley
n street place,1,0,0,0,1,N Street Place
nelson's addition,0,1,0,0,1,Nelson's Addition
nelsons acres,0,0,0,1,1,Nelsons Acres
nelsons creek lot 39 block 0 irreg,0,1,0,0,1,NELSONS CREEK LOT 39 BLOCK 0 IRREG
nelsons creek replat,1,0,0,0,1,Nelsons Creek Replat
myers richards,0,0,1,0,1,Myers Richards
myers richards & tildens,0,0,1,0,1,Myers Richards & Tildens
myers richards & tildens ad,0,0,0,1,1,MYERS RICHARDS & TILDENS AD
myers richards & tyldens,0,1,0,0,1,MYERS RICHARDS & TYLDENS
mystic park lot 15 block 2 50 x 128.7,0,0,1,0,1,MYSTIC PARK LOT 15 BLOCK 2 50 X 128.7
north avalon,1,0,0,0,1,North Avalon
murphys,0,1,0,0,1,Murphys
murphys addition,0,0,1,0,1,Murphys Addition
murphys/greater country club,1,0,0,0,1,Murphys/Greater Country club
murray's kayden valley,1,0,0,0,1,Murray's Kayden Valley
murray's rusty rose,0,1,0,0,1,Murray's Rusty Rose
murray's rusty rose ranchettes,0,0,1,0,1,Murray's Rusty Rose Ranchettes
mt douglas,0,1,0,0,1,Mt Douglas
mucha,0,0,0,1,1,Mucha
mulford & grossman,1,0,0,0,1,Mulford & Grossman
nor-oaks,0,0,1,0,1,NOR-OAKS
normady hills,0,1,0,0,1,Normady Hills
n a,0,1,0,0,1,N A
meridan park replat two,0,0,0,1,1,Meridan Park Replat Two
midtown crossing building 220,0,0,1,0,1,Midtown Crossing Building 220
midtown crossing building 220 condo lot 3602 block 0 1.0417%,0,0,1,0,1,MIDTOWN CROSSING BUILDING 220 CONDO LOT 3602 BLOCK 0 1.0417%
midtown crossing building 5 condo,1,0,0,0,1,MIDTOWN CROSSING BUILDING 5 CONDO
midtown crossing condominiums,1,0,0,0,1,Midtown Crossing Condominiums
midtown legacy,1,0,0,0,1,midtown legacy
milard park south,1,0,0,0,1,MILARD PARK SOUTH
mid city addition,1,0,0,0,1,Mid City Addition
midtown crossing building 200,0,1,0,0,1,Midtown Crossing Building 200
correy add,0,0,0,1,1,Correy Add
conestoga place lot 27 block 0,0,1,0,0,1,Conestoga Place Lot 27 Block 0
corrigan plance,0,0,1,0,1,Corrigan Plance
cotner & archers,0,0,1,0,1,Cotner & Archers
copperfields rep 1,0,0,0,1,1,COPPERFIELDS REP 1
corn's first addition,0,0,0,1,1,Corn's First Addition
coronado cond property regime,0,0,1,0,1,CORONADO COND PROPERTY REGIME
coronado condo regime,0,1,0,0,1,Coronado Condo Regime
coronado condominium regime,0,0,0,1,1,Coronado Condominium Regime
millard park south ii,0,0,1,0,1,Millard Park South II
millard park townhomes ii,1,0,0,0,1,Millard Park Townhomes II
millard south highlands iii,1,0,0,0,1,Millard South Highlands III
millard township,0,1,0,0,1,Millard Township
corrigan place 1st addition,0,0,1,0,1,Corrigan Place 1ST Addition
meadow lake park,0,0,0,1,1,Meadow Lake Park
meadow lane 2nd add,0,0,1,0,1,MEADOW LANE 2ND ADD
meadow lane 2nd addition,0,1,0,0,1,Meadow Lane 2nd Addition
mgr gile ridge,1,0,0,0,1,MGR GILE RIDGE
miami heights,0,0,1,0,1,Miami Heights
copper creek replat,0,0,1,0,1,COPPER CREEK REPLAT
copper ridge (1.27 ac),1,0,0,0,1,COPPER RIDGE (1.27 AC)
copper ridge condominium,0,0,1,0,1,Copper Ridge Condominium
copperfield's,1,0,0,0,1,Copperfield's
merwald,0,1,0,0,1,Merwald
merwalds addition,0,1,0,0,1,Merwalds Addition
mergan acres,1,0,0,0,1,mergan acres
metcalfe-harrison,0,0,1,0,1,Metcalfe-Harrison
mewis-emil-add,0,0,0,1,1,MEWIS-EMIL-ADD
mewis-emil-add lot 9 block 0 -ex irr nthly 57.7 ft-lot 9 irreg,0,1,0,0,1,Mewis-Emil-Add Lot 9 Block 0 -EX IRR NTHLY 57.7 FT-LOT 9 IRREG
meyers richards & tildens,0,0,1,0,1,MEYERS RICHARDS & TILDENS
meridian park replat,1,0,0,0,1,Meridian Park Replat
merner,0,0,1,0,1,MERNER
merriefield village,1,0,0,0,1,Merriefield Village
merrifield viallge,1,0,0,0,1,Merrifield Viallge
melias 1st,1,0,0,0,1,Melias 1st
melrose,0,0,0,1,1,MELROSE
memorial park area,0,1,0,0,1,Memorial Park Area
metcalfe park,1,0,0,0,1,Metcalfe Park
minne lusa lot,0,1,0,0,1,MINNE LUSA LOT
minnie lusa,0,0,0,1,1,Minnie Lusa
miracle hills condo,0,0,0,1,1,MIRACLE HILLS CONDO
miracle hills park place,0,1,0,0,1,MIRACLE HILLS PARK PLACE
miller park,0,0,0,1,1,Miller Park
miller park place,0,0,1,0,1,Miller Park Place
miller park/minne lusa,0,0,0,1,1,Miller Park/minne lusa
millers,0,1,0,0,1,MILLERS
milllard highlands,1,0,0,0,1,Milllard Highlands
milltown village cond prop regime,0,1,0,0,1,Milltown Village Cond Prop Regime
milltown village condo property regime,0,0,1,0,1,Milltown Village Condo Property Regime
millard-town,0,1,0,0,1,Millard-Town
moes,1,0,0,0,1,MOES
moes subdivision,0,0,0,1,1,Moes Subdivision
mohr farm,0,0,1,0,1,Mohr Farm
monarch grove condo property,1,0,0,0,1,Monarch Grove Condo Property
monarch grove condominium property,0,1,0,0,1,Monarch Grove Condominium Property
misson ridge,1,0,0,0,1,MISSON RIDGE
missouri avenue park,0,1,0,0,1,Missouri Avenue Park
missouri avenue park 1st addn,0,0,0,1,1,Missouri Avenue Park 1st Addn
mockingbird,0,1,0,0,1,Mockingbird
mockingbird hills lot 23 block 4 60 x 125,1,0,0,0,1,MOCKINGBIRD HILLS LOT 23 BLOCK 4 60 X 125
mockingbird west hills,1,0,0,0,1,Mockingbird West Hills
mockingbord,0,1,0,0,1,Mockingbord
millards highlands,0,1,0,0,1,Millards Highlands
millardtown,0,0,0,1,1,MILLARDTOWN
millard highllands,0,0,1,0,1,Millard Highllands
millard oak,0,1,0,0,1,MILLARD OAK
millard park (60629),0,1,0,0,1,MILLARD PARK (60629)
millard park replat 6,0,0,1,0,1,MILLARD PARK REPLAT 6
millard highland south ii,0,1,0,0,1,Millard Highland South II
millard highlands ii,1,0,0,0,1,Millard Highlands II
millard & caldwell's add,0,0,0,1,1,MILLARD & CALDWELL'S ADD
millard heights addition,0,0,0,1,1,Millard Heights Addition
millard heights replat iv,0,0,1,0,1,Millard Heights Replat IV
mine lusa,0,1,0,0,1,Mine Lusa
millard highland,0,0,0,1,1,Millard Highland
coes,1,0,0,0,1,COES
college heights replat,1,0,0,0,1,COLLEGE HEIGHTS REPLAT
collier replat,0,0,0,1,1,Collier Replat
colonial acres park,1,0,0,0,1,Colonial Acres park
mission heights addition,0,1,0,0,1,Mission Heights Addition
mission heights addition 'b',1,0,0,0,1,MISSION HEIGHTS ADDITION 'B'
mission heights addn b,0,0,0,1,1,Mission Heights Addn B
mission pines replat,0,0,1,0,1,Mission Pines replat
cloverdale lot 16 block 12,1,0,0,0,1,Cloverdale lot 16 block 12
mindys subdivision,0,0,0,1,1,MINDYS SUBDIVISION
millard heights replat lii,1,0,0,0,1,Millard Heights Replat lii
